case_received_date,case_status,class_of_admission,country_of_citizenship,decision_date,employer_city,employer_country,employer_name,employer_state,foreign_worker_info_birth_country,job_info_education,pw_determ_date,pw_expire_date,pw_job_title_9089,Processing Day
19-11-2013,Certified,H-1B,INDIA,29-05-2015,WAUKESHA,UNITED STATES OF AMERICA,GENERAC POWER SYSTEMS,WISCONSIN,INDIA,Bachelor's,27-09-2013,30-06-2014,Industrial Engineers,556
27-11-2013,Denied,H-1B,GERMANY,16-10-2014,AURORA,UNITED STATES OF AMERICA,"AVIDITY, LLC",COLORADO,GERMANY,Doctorate,27-08-2013,30-06-2014,Protein Production Scientist,323
13-11-2013,Certified,E-2,SOUTH KOREA,26-05-2015,LYNNWOOD,UNITED STATES OF AMERICA,STAR COMMUNICATIONS LLC,WASHINGTON,SOUTH KOREA,Master's,23-09-2013,30-06-2014,Market Research Analysts and Marketing Specialists,559
02-07-2014,Certified-Expired,H-1B,CANADA,01-12-2014,NEW YORK,UNITED STATES OF AMERICA,TALBERT & TALBERT LLC,NEW YORK,CANADA,Bachelor's,15-01-2014,30-06-2014,Public Relations Specialists,152
13-11-2013,Certified-Expired,H-1B,INDIA,30-03-2015,COLLEGE STATION,UNITED STATES OF AMERICA,COGNIZANT TECHNOLOGY SOLUTIONS US CORPORATION,TEXAS,INDIA,Bachelor's,23-07-2013,30-06-2014,Computer Systems Analysts,502
13-11-2013,Certified,H-1B,BRAZIL,28-05-2015,GALENA PARK,UNITED STATES OF AMERICA,"GREEN EARTH FUELS OF HOUSTON, LLC.",TEXAS,BRAZIL,Bachelor's,25-06-2013,23-09-2013,Market Research Analysts and Marketing Specialists,561
13-11-2013,Certified-Expired,H-1B,INDIA,30-03-2015,COLLEGE STATION,UNITED STATES OF AMERICA,COGNIZANT TECHNOLOGY SOLUTIONS US CORPORATION,TEXAS,INDIA,Bachelor's,23-07-2013,30-06-2014,Computer Systems Analysts,502
15-11-2013,Certified,L-1,BELARUS,13-05-2015,NEWTOWN,UNITED STATES OF AMERICA,"EPAM SYSTEMS, INC",PENNSYLVANIA,UKRAINE,Master's,21-08-2013,30-06-2014,"Software Developers, Applications",544
14-11-2013,Certified,H-1B,INDIA,20-05-2015,FEDERAL WAY,UNITED STATES OF AMERICA,APPLEXUS TECHNOLOGIES LLC,WASHINGTON,INDIA,Master's,20-06-2013,18-09-2013,"SOFTWARE DEVELOPERS, APPLICATIONS",552
30-06-2014,Certified,H-1B,CHINA,11-09-2015,MILPITAS,UNITED STATES OF AMERICA,"ARRAY NETWORKS, INC.",CALIFORNIA,CHINA,Master's,10-06-2014,08-09-2014,"Software Developers, Applications",438
18-11-2013,Certified,H-1B,INDIA,26-05-2015,DALLAS,UNITED STATES OF AMERICA,"HUNT CONSOLIDATED, INC.",TEXAS,INDIA,Master's,21-08-2013,30-06-2014,Computer Systems Analysts,554
04-12-2013,Certified,H-1B,CHINA,09-06-2015,CHESTERFIELD,UNITED STATES OF AMERICA,RGA REINSURANCE,MISSOURI,CHINA,Master's,21-05-2013,19-08-2013,Financial Analysts,552
22-11-2013,Certified,L-1,GERMANY,20-05-2015,NEWTOWN SQUARE,UNITED STATES OF AMERICA,"SAP AMERICA, INC.",PENNSYLVANIA,GERMANY,Bachelor's,25-04-2013,24-07-2013,Computer Systems Analysts,544
30-12-2013,Certified,F-1,PAKISTAN,11-06-2015,PRINCETON,UNITED STATES OF AMERICA,"DOUBLEBRIDGE TECHNOLOGIES, INC.",NEW JERSEY,PAKISTAN,Master's,30-09-2013,30-06-2014,"Software Developers, Applications",528
03-12-2013,Certified,Parolee,INDIA,03-06-2015,SAN DIEGO,UNITED STATES OF AMERICA,QUALCOMM TECHNOLOGIES INC.,CALIFORNIA,INDIA,Master's,29-05-2013,27-08-2013,"Software Developers, Systems Software",547
13-01-2014,Certified,H-1B,GUATEMALA,23-06-2015,GLENNVILLE,UNITED STATES OF AMERICA,"BLAND FARMS, LLC",GEORGIA,GUATEMALA,Bachelor's,28-08-2013,30-06-2014,"Farmers, Ranchers, and Other Agricultural Managers",526
14-11-2013,Certified-Expired,H-1B,INDIA,01-04-2015,COLLEGE STATION,UNITED STATES OF AMERICA,COGNIZANT TECHNOLOGY SOLUTIONS US CORPORATION,TEXAS,INDIA,Bachelor's,23-07-2013,30-06-2014,Computer Systems Analysts,503
19-10-2014,Certified-Expired,H-1B,CHINA,10-03-2015,PHILADELPHIA,UNITED STATES OF AMERICA,TOWERS WATSON PENNSYLVANIA INC.,PENNSYLVANIA,CHINA,Bachelor's,31-07-2014,30-06-2015,Financial Analyst,142
14-11-2013,Certified-Expired,H-1B,INDIA,01-04-2015,COLLEGE STATION,UNITED STATES OF AMERICA,COGNIZANT TECHNOLOGY SOLUTIONS US CORPORATION,TEXAS,INDIA,Bachelor's,19-07-2013,30-06-2014,"Software Developers, Applications",503
13-11-2013,Certified,H-1B,INDIA,01-09-2015,RALEIGH,UNITED STATES OF AMERICA,"SMART SWITCH, LLC",NORTH CAROLINA,INDIA,Master's,13-08-2013,30-06-2014,"Software Developers, Applications",657
31-08-2009,Denied,E-1,TURKEY,10-09-2015,NEW YORK,UNITED STATES OF AMERICA,"MARATHON LINE N.Y., INC.",NEW YORK,TURKEY,Master's,04-06-2009,02-09-2009,President,2201
06-10-2014,Certified-Expired,H-1B,ARGENTINA,03-03-2015,PULLMAN,UNITED STATES OF AMERICA,WASHINGTON STATE UNIVERSITY,WASHINGTON,ARGENTINA,Doctorate,26-09-2014,30-06-2015,"Health SpecialtiesTeachers, Postsecondary",148
10-02-2014,Certified,H-1B,CHINA,16-07-2015,RALEIGH,UNITED STATES OF AMERICA,MEREDITH COLLEGE,NORTH CAROLINA,CHINA,Master's,05-09-2013,30-06-2014,Operations Research Analysts,521
13-11-2013,Certified-Expired,H-1B,INDIA,30-03-2015,COLLEGE STATION,UNITED STATES OF AMERICA,COGNIZANT TECHNOLOGY SOLUTIONS US CORPORATION,TEXAS,INDIA,Bachelor's,23-07-2013,30-06-2014,Computer Systems Analysts,502
28-09-2010,Certified-Expired,H-1B,INDIA,27-03-2015,IRVING,UNITED STATES OF AMERICA,PERITUS INC,TEXAS,INDIA,Bachelor's,02-07-2010,30-09-2010,Database Administrator,1641
14-11-2013,Certified-Expired,H-1B,INDIA,01-04-2015,COLLEGE STATION,UNITED STATES OF AMERICA,COGNIZANT TECHNOLOGY SOLUTIONS US CORPORATION,TEXAS,INDIA,Master's,19-07-2013,30-06-2014,Computer Systems Analysts,503
04-12-2013,Certified,L-1,FRANCE,11-06-2015,SANTA CLARA,UNITED STATES OF AMERICA,"APPLIED MATERIALS, INC.",CALIFORNIA,FRANCE,Associate's,29-08-2013,30-06-2014,Electrical and Electronics Engineering Technician,554
18-11-2013,Certified,H-1B,INDIA,28-05-2015,ISELIN,UNITED STATES OF AMERICA,VST CONSULTING INC,NEW JERSEY,INDIA,Master's,09-07-2013,30-06-2014,"Software Developers, Applications",556
13-11-2013,Certified,H-1B,JAPAN,20-05-2015,GROVE CITY,UNITED STATES OF AMERICA,"HOKUTO USA, INC.",OHIO,JAPAN,Bachelor's,20-05-2013,18-08-2013,Project Manager,553
12-11-2013,Certified,H-1B,INDIA,21-05-2015,WEST DES MOINES,UNITED STATES OF AMERICA,EXELON WIND LLC,IOWA,INDIA,Bachelor's,09-09-2013,30-06-2014,Industrial Engineers,555
10-12-2013,Certified,H-1B,CANADA,08-06-2015,COLUMBUS,UNITED STATES OF AMERICA,"LHP SOFTWARE, LLC",INDIANA,CHINA,Master's,27-09-2013,30-06-2014,"Software Developers, Systems Software",545
27-11-2013,Certified,H-1B,JAPAN,13-05-2015,MOUNTAIN VIEW,UNITED STATES OF AMERICA,LINKEDIN CORPORATION,CALIFORNIA,JAPAN,Master's,07-11-2013,30-06-2014,"Software Developers, Applications",532
24-02-2014,Certified,H-1B,UKRAINE,29-06-2015,PHILADELPHIA,UNITED STATES OF AMERICA,"COMCAST CABLE COMMUNICATIONS, LLC",PENNSYLVANIA,RUSSIA,Bachelor's,09-09-2013,30-06-2014,"Software Developers, Applications",490
31-10-2013,Certified,H-1B,INDIA,23-06-2015,SAN DIEGO,UNITED STATES OF AMERICA,"OMNITRACS, INC.",CALIFORNIA,INDIA,Master's,25-04-2013,24-07-2013,COMPUTER SYSTEMS ANALYST,600
14-11-2013,Certified-Expired,L-1,INDIA,01-04-2015,COLLEGE STATION,UNITED STATES OF AMERICA,COGNIZANT TECHNOLOGY SOLUTIONS US CORPORATION,TEXAS,INDIA,Master's,19-07-2013,30-06-2014,Computer Systems Analysts,503
07-01-2014,Certified,H-1B,CHINA,30-06-2015,SAN DIEGO,UNITED STATES OF AMERICA,QUALCOMM TECHNOLOGIES INC.,CALIFORNIA,CHINA,Master's,19-07-2013,30-06-2014,"Electronics Engineers, Except Computer",539
20-12-2013,Certified,H-1B,SOUTH KOREA,29-05-2015,AUGUSTA,UNITED STATES OF AMERICA,BOR USGA OBO GEORGIA REGENTS UNIVERSITY,GEORGIA,SOUTH KOREA,Master's,04-12-2013,30-06-2014,"Business Teachers, Postsecondary",525
12-11-2013,Certified,H-1B,INDIA,02-06-2015,SUNNYVALE,UNITED STATES OF AMERICA,HORIZON TECHNOLOGIES INC,CALIFORNIA,INDIA,Master's,06-08-2013,30-06-2014,Computer Systems Analysts,567
04-12-2013,Certified,H-1B,INDIA,29-05-2015,NORFOLK,UNITED STATES OF AMERICA,"DOMINION DMS, LLC",VIRGINIA,INDIA,Bachelor's,29-07-2013,30-06-2014,"Software Developers, Applications",541
14-11-2013,Certified,H-1B,INDIA,12-05-2015,PLEASANTON,UNITED STATES OF AMERICA,"BLACKHAWK NETWORK, INC.",CALIFORNIA,INDIA,Master's,07-05-2013,05-08-2013,"Software Developers, Applications",544
18-11-2013,Certified,H-1B,INDIA,11-05-2015,NEW YORK,UNITED STATES OF AMERICA,"VERIZON COMMUNICATIONS INC., & ALL ITS SUBSIDIARIES & AFFILIATES",NEW YORK,INDIA,Master's,22-08-2013,30-06-2014,"Software Developers, Applications",539
14-11-2013,Certified-Expired,H-1B,INDIA,01-04-2015,COLLEGE STATION,UNITED STATES OF AMERICA,COGNIZANT TECHNOLOGY SOLUTIONS US CORPORATION,TEXAS,INDIA,Bachelor's,23-07-2013,30-06-2014,Computer Systems Analysts,503
19-11-2013,Certified,H-1B,INDIA,21-05-2015,EDISON,UNITED STATES OF AMERICA,"JM INFORMATION SYSTEMS,LLC",NEW JERSEY,INDIA,Master's,29-10-2013,30-06-2014,"Software Developers, Applications",548
09-12-2013,Certified,H-1B,INDIA,17-06-2015,NEW YORK,UNITED STATES OF AMERICA,CREDIT SUISSE SECURITIES (USA) LLC,NEW YORK,INDIA,Master's,24-07-2013,30-06-2014,"Software Developers, Applications",555
02-01-2014,Certified,H-1B,PHILIPPINES,17-06-2015,NEW YORK,UNITED STATES OF AMERICA,ALLEN & COMPANY LLC,NEW YORK,PHILIPPINES,Master's,04-09-2013,30-06-2014,Computer Programmers,531
15-11-2013,Certified,H-1B,INDIA,08-05-2015,REDWOOD SHORES,UNITED STATES OF AMERICA,"ORACLE AMERICA, INC.",CALIFORNIA,INDIA,Bachelor's,13-05-2013,11-08-2013,"Software Developers, Applications",539
26-11-2013,Certified,H-1B,CHINA,12-05-2015,REDWOOD SHORES,UNITED STATES OF AMERICA,"ORACLE AMERICA, INC.",CALIFORNIA,CHINA,Master's,08-07-2013,30-06-2014,"Software Developer, Systems Software",532
14-11-2013,Certified-Expired,H-1B,INDIA,01-04-2015,COLLEGE STATION,UNITED STATES OF AMERICA,COGNIZANT TECHNOLOGY SOLUTIONS US CORPORATION,TEXAS,INDIA,Bachelor's,23-07-2013,30-06-2014,Computer Systems Analysts,503
13-11-2013,Certified-Expired,L-1,INDIA,31-03-2015,COLLEGE STATION,UNITED STATES OF AMERICA,COGNIZANT TECHNOLOGY SOLUTIONS US CORPORATION,TEXAS,INDIA,Bachelor's,19-07-2013,30-06-2014,"Software Developers, Applications",503
29-05-2014,Certified-Expired,H-1B,CHINA,06-10-2014,AUSTIN,UNITED STATES OF AMERICA,"INSIDERSREFERRAL.COM, INC.",TEXAS,CHINA,Bachelor's,29-11-2013,30-06-2014,Market Research Analysts and Marketing Specialists,130
13-11-2013,Certified-Expired,H-1B,INDIA,27-03-2015,COLLEGE STATION,UNITED STATES OF AMERICA,COGNIZANT TECHNOLOGY SOLUTIONS US CORPORATION,TEXAS,INDIA,Bachelor's,23-07-2013,30-06-2014,Computer Systems Analysts,499
20-01-2014,Denied,TN,CANADA,21-07-2015,DECATUR,UNITED STATES OF AMERICA,POLYPLEX USA LLC,ALABAMA,INDIA,Bachelor's,05-11-2013,30-06-2014,Materials Engineer,547
18-11-2013,Certified,H-1B,CHINA,15-05-2015,NEW YORK,UNITED STATES OF AMERICA,FORTRESS INVESTMENT GROUP LLC,NEW YORK,CHINA,Bachelor's,22-08-2013,30-06-2014,Accountants and Auditors,543
30-10-2013,Denied,B-2,PHILIPPINES,18-05-2015,SPRINGFIELD,UNITED STATES OF AMERICA,"WHARTON SUPPLY OF VIRGINIA, INC",VIRGINIA,PHILIPPINES,Bachelor's,26-06-2013,24-09-2013,MATERIAL ESTIMATOR,565
11-12-2013,Certified,H-1B,AUSTRALIA,04-06-2015,FREMONT,UNITED STATES OF AMERICA,"ELECTRONICS FOR IMAGING, INC.",CALIFORNIA,AUSTRALIA,Bachelor's,29-07-2013,30-06-2014,"Software Developers, Applications",540
19-06-2014,Certified-Expired,H-1B,INDIA,12-11-2014,FLORHAM PARK,UNITED STATES OF AMERICA,STORCH NUTRITIONAL MEDICINE ASSOCIATES,NEW JERSEY,INDIA,Other,31-03-2014,30-06-2014,"Internists, General",146
12-12-2013,Certified,E-2,FRANCE,04-06-2015,DENTON,UNITED STATES OF AMERICA,"LABINAL, LLC",TEXAS,FRANCE,Associate's,30-05-2013,28-08-2013,"Electronics Engineers, Except Computer",539
19-11-2013,Certified,H-1B,INDIA,21-05-2015,ROUND ROCK,UNITED STATES OF AMERICA,DELL PRODUCTS LP,TEXAS,INDIA,Bachelor's,05-09-2013,30-06-2014,"Software Developers, Systems Software",548
14-11-2013,Certified-Expired,H-1B,INDIA,01-04-2015,COLLEGE STATION,UNITED STATES OF AMERICA,COGNIZANT TECHNOLOGY SOLUTIONS US CORPORATION,TEXAS,INDIA,Bachelor's,23-07-2013,30-06-2014,Computer Systems Analysts,503
12-11-2013,Certified-Expired,H-1B,INDIA,30-03-2015,COLLEGE STATION,UNITED STATES OF AMERICA,COGNIZANT TECHNOLOGY SOLUTIONS US CORPORATION,TEXAS,INDIA,Bachelor's,19-07-2013,30-06-2014,"Software Developers, Applications",503
13-11-2013,Certified-Expired,L-1,INDIA,31-03-2015,COLLEGE STATION,UNITED STATES OF AMERICA,COGNIZANT TECHNOLOGY SOLUTIONS US CORPORATION,TEXAS,INDIA,Bachelor's,19-07-2013,30-06-2014,"Software Developers, Applications",503
12-11-2013,Certified-Expired,L-1,INDIA,31-03-2015,COLLEGE STATION,UNITED STATES OF AMERICA,COGNIZANT TECHNOLOGY SOLUTIONS US CORPORATION,TEXAS,INDIA,Bachelor's,23-07-2013,30-06-2014,Computer Systems Analysts,504
14-11-2013,Denied,H-1B,NEPAL,08-06-2015,PISCATAWAY,UNITED STATES OF AMERICA,NATIONAL CONSULTING GROUP INC,NEW JERSEY,NEPAL,Bachelor's,01-07-2013,30-06-2014,Programmer Analyst,571
12-11-2013,Certified,H-1B,INDIA,25-09-2015,FREMONT,UNITED STATES OF AMERICA,DGN TECHNOLOGIES INC.,CALIFORNIA,INDIA,Bachelor's,28-10-2013,30-06-2014,"software developers, applications",682
13-11-2013,Certified-Expired,H-1B,INDIA,27-03-2015,COLLEGE STATION,UNITED STATES OF AMERICA,COGNIZANT TECHNOLOGY SOLUTIONS US CORPORATION,TEXAS,INDIA,Master's,19-07-2013,30-06-2014,Computer Systems Analysts,499
14-11-2013,Certified-Expired,H-1B,INDIA,01-04-2015,COLLEGE STATION,UNITED STATES OF AMERICA,COGNIZANT TECHNOLOGY SOLUTIONS US CORPORATION,TEXAS,INDIA,Bachelor's,23-07-2013,30-06-2014,Computer Systems Analysts,503
11-11-2013,Denied,H-1B,CANADA,28-05-2015,SCOTTSDALE,UNITED STATES OF AMERICA,"PRECO, INC.",ARIZONA,CANADA,Bachelor's,28-10-2013,30-06-2014,Sales Managers,563
13-11-2013,Certified-Expired,H-1B,INDIA,27-03-2015,COLLEGE STATION,UNITED STATES OF AMERICA,COGNIZANT TECHNOLOGY SOLUTIONS US CORPORATION,TEXAS,INDIA,Bachelor's,23-07-2013,30-06-2014,Computer Systems Analysts,499
27-11-2013,Certified,H-1B,INDIA,11-05-2015,REDWOOD SHORES,UNITED STATES OF AMERICA,"ORACLE AMERICA, INC.",CALIFORNIA,INDIA,Bachelor's,05-06-2013,03-09-2013,"Software Developer, Systems Software",530
12-11-2013,Certified-Expired,L-1,INDIA,31-03-2015,COLLEGE STATION,UNITED STATES OF AMERICA,COGNIZANT TECHNOLOGY SOLUTIONS US CORPORATION,TEXAS,INDIA,Bachelor's,23-07-2013,30-06-2014,Computer Systems Analysts,504
15-11-2013,Denied,H-1B,INDIA,06-07-2015,MEMPHIS,UNITED STATES OF AMERICA,UNIVERSITY OF TENNESSEE HEALTH SCIENCE CENTER,TENNESSEE,INDIA,Bachelor's,05-09-2013,30-06-2014,"Software Developers, Applications, Non R & D",598
27-11-2013,Certified,E-2,CANADA,20-05-2015,TROY,UNITED STATES OF AMERICA,"VEHMA INTERNATIONAL OF AMERICA, INC.",MICHIGAN,CANADA,Master's,22-04-2013,21-07-2013,Sales Manager,539
12-11-2013,Certified-Expired,H-1B,INDIA,31-03-2015,COLLEGE STATION,UNITED STATES OF AMERICA,COGNIZANT TECHNOLOGY SOLUTIONS US CORPORATION,TEXAS,INDIA,Bachelor's,23-07-2013,30-06-2014,Computer Systems Analysts,504
25-11-2013,Certified,H-1B,INDIA,29-05-2015,CAMBRIDGE,UNITED STATES OF AMERICA,PEGASYSTEMS INC.,MASSACHUSETTS,INDIA,Master's,08-11-2013,30-06-2014,COMPUTER SYSTEMS ANALYSTS,550
13-11-2013,Certified-Expired,H-1B,INDIA,30-03-2015,COLLEGE STATION,UNITED STATES OF AMERICA,COGNIZANT TECHNOLOGY SOLUTIONS US CORPORATION,TEXAS,INDIA,Bachelor's,19-07-2013,30-06-2014,"Software Developers, Applications",502
06-12-2013,Certified,L-1,CHINA,19-06-2015,SUNNYVALE,UNITED STATES OF AMERICA,ASE (U.S.) INC.,CALIFORNIA,CHINA,Master's,12-09-2013,30-06-2014,Sales Engineers,560
12-11-2013,Withdrawn,H-1B,BRAZIL,02-10-2014,IOWA CITY,UNITED STATES OF AMERICA,UNIVERSITY OF IOWA,IOWA,BRAZIL,Doctorate,28-10-2013,30-06-2014,"Health Specialties Teachers, Postsecond",324
13-11-2013,Certified-Expired,L-1,INDIA,27-03-2015,COLLEGE STATION,UNITED STATES OF AMERICA,COGNIZANT TECHNOLOGY SOLUTIONS US CORPORATION,TEXAS,INDIA,Bachelor's,19-07-2013,30-06-2014,"Software Developers, Applications",499
18-11-2013,Certified,H-1B,INDIA,04-06-2015,HOFFMAN ESTATES,UNITED STATES OF AMERICA,SEARS HOLDINGS MANAGEMENT CORPORATION,ILLINOIS,INDIA,Bachelor's,19-07-2013,30-06-2014,"Software Developers, Applications",563
13-11-2013,Certified-Expired,L-1,INDIA,27-03-2015,COLLEGE STATION,UNITED STATES OF AMERICA,COGNIZANT TECHNOLOGY SOLUTIONS US CORPORATION,TEXAS,INDIA,Bachelor's,19-07-2013,30-06-2014,"Software Developers, Applications",499
12-11-2013,Certified,H-1B,JAPAN,13-05-2015,NEW YORK,UNITED STATES OF AMERICA,"THE SAKE CLUB, INC.",NEW YORK,JAPAN,Bachelor's,18-06-2013,16-09-2013,Marketing Specialist,547
23-12-2013,Certified,H-1B,INDIA,08-06-2015,REDMOND,UNITED STATES OF AMERICA,MICROSOFT CORPORATION,WASHINGTON,INDIA,Master's,12-11-2013,30-06-2014,"Software Developers, Applications",532
19-12-2014,Denied,F-1,RUSSIA,19-06-2015,PULLMAN,UNITED STATES OF AMERICA,WASHINGTON STATE UNIVERSITY,WASHINGTON,RUSSIA,Doctorate,20-11-2014,30-06-2015,"Business Teachers, Postsecondary",182
17-01-2014,Certified,Parolee,INDIA,09-06-2015,OWINGS MILLS,UNITED STATES OF AMERICA,"CAREFIRST OF MARYLAND, INC. D/B/A CAREFIRST BLUECR",MARYLAND,INDIA,Bachelor's,13-05-2013,11-08-2013,Computer and Information Systems Managers,508
26-06-2014,Certified-Expired,H-1B,CHINA,24-11-2014,MILWAUKEE,UNITED STATES OF AMERICA,UNIVERSITY OF WISCONSIN-MILWAUKEE,WISCONSIN,CHINA,Doctorate,05-12-2013,30-06-2014,Assistant Professor,151
13-11-2013,Certified-Expired,L-1,INDIA,27-03-2015,COLLEGE STATION,UNITED STATES OF AMERICA,COGNIZANT TECHNOLOGY SOLUTIONS US CORPORATION,TEXAS,INDIA,Master's,19-07-2013,30-06-2014,Computer Systems Analysts,499
16-07-2008,Denied,H-1B,INDIA,15-05-2015,RTP,UNITED STATES OF AMERICA,IBM CORPORATION,NORTH CAROLINA,INDIA,Bachelor's,17-03-2008,30-06-2008,"Computer Software Engineers, Applications",2494
25-11-2008,Denied,H-1B,UNITED STATES OF AMERICA,09-01-2015,PLANO,UNITED STATES OF AMERICA,INFOSYS TECHNOLOGIES LIMITED,TEXAS,INDIA,Bachelor's,05-08-2008,01-07-2009,Systems Analyst,2236
13-11-2013,Certified-Expired,L-1,INDIA,27-03-2015,COLLEGE STATION,UNITED STATES OF AMERICA,COGNIZANT TECHNOLOGY SOLUTIONS US CORPORATION,TEXAS,INDIA,Bachelor's,19-07-2013,30-06-2014,"Software Developers, Applications",499
13-11-2013,Certified-Expired,H-1B,INDIA,27-03-2015,COLLEGE STATION,UNITED STATES OF AMERICA,COGNIZANT TECHNOLOGY SOLUTIONS US CORPORATION,TEXAS,INDIA,Bachelor's,19-07-2013,30-06-2014,"Software Developers, Applications",499
12-11-2013,Certified-Expired,H-1B,INDIA,30-03-2015,COLLEGE STATION,UNITED STATES OF AMERICA,COGNIZANT TECHNOLOGY SOLUTIONS US CORPORATION,TEXAS,INDIA,Bachelor's,19-07-2013,30-06-2014,"Software Developers, Applications",503
12-11-2013,Certified,H-1B,INDIA,25-09-2015,FREMONT,UNITED STATES OF AMERICA,DGN TECHNOLOGIES INC.,CALIFORNIA,INDIA,Bachelor's,28-10-2013,30-06-2014,"software developers, applications",682
14-11-2013,Certified-Expired,H-1B,INDIA,01-04-2015,COLLEGE STATION,UNITED STATES OF AMERICA,COGNIZANT TECHNOLOGY SOLUTIONS US CORPORATION,TEXAS,INDIA,Bachelor's,23-07-2013,30-06-2014,Computer Systems Analysts,503
13-11-2013,Certified-Expired,H-1B,INDIA,30-03-2015,COLLEGE STATION,UNITED STATES OF AMERICA,COGNIZANT TECHNOLOGY SOLUTIONS US CORPORATION,TEXAS,INDIA,Bachelor's,23-07-2013,30-06-2014,Computer Systems Analysts,502
13-11-2013,Certified,H-1B,INDIA,01-07-2015,COLUMBUS,UNITED STATES OF AMERICA,CUMMINS EMISSION SOLUTIONS INC.,INDIANA,INDIA,Master's,27-06-2013,25-09-2013,Electrical Engineers,595
14-03-2014,Certified,H-1B,INDIA,17-07-2015,AUSTIN,UNITED STATES OF AMERICA,"TECRA SYSTEMS, INC.",TEXAS,INDIA,Master's,09-07-2013,30-06-2014,"Software Developers, Applications",490
02-12-2013,Certified,H-1B,INDIA,05-06-2015,TAMPA,UNITED STATES OF AMERICA,SYSTEM SOFT TECHNOLOGIES LLC,FLORIDA,INDIA,Master's,22-08-2013,30-06-2014,"Software Developers, Applications",550
13-11-2013,Certified-Expired,H-1B,INDIA,30-03-2015,COLLEGE STATION,UNITED STATES OF AMERICA,COGNIZANT TECHNOLOGY SOLUTIONS US CORPORATION,TEXAS,INDIA,Bachelor's,19-07-2013,30-06-2014,"Software Developers, Applications",502
14-11-2013,Certified-Expired,H-1B,INDIA,01-04-2015,COLLEGE STATION,UNITED STATES OF AMERICA,COGNIZANT TECHNOLOGY SOLUTIONS US CORPORATION,TEXAS,INDIA,Bachelor's,19-07-2013,30-06-2014,"Software Developers, Applications",503
13-11-2013,Certified-Expired,H-1B,INDIA,30-03-2015,COLLEGE STATION,UNITED STATES OF AMERICA,COGNIZANT TECHNOLOGY SOLUTIONS US CORPORATION,TEXAS,INDIA,Bachelor's,19-07-2013,30-06-2014,"Software Developers, Applications",502
13-11-2013,Certified-Expired,H-1B,INDIA,31-03-2015,COLLEGE STATION,UNITED STATES OF AMERICA,COGNIZANT TECHNOLOGY SOLUTIONS US CORPORATION,TEXAS,INDIA,Bachelor's,19-07-2013,30-06-2014,"Software Developers, Applications",503
13-11-2013,Certified-Expired,L-1,INDIA,27-03-2015,COLLEGE STATION,UNITED STATES OF AMERICA,COGNIZANT TECHNOLOGY SOLUTIONS US CORPORATION,TEXAS,INDIA,Master's,19-07-2013,30-06-2014,Computer Systems Analysts,499
12-11-2013,Certified-Expired,H-1B,INDIA,31-03-2015,COLLEGE STATION,UNITED STATES OF AMERICA,COGNIZANT TECHNOLOGY SOLUTIONS US CORPORATION,TEXAS,INDIA,Bachelor's,23-07-2013,30-06-2014,Computer Systems Analysts,504
13-11-2013,Certified-Expired,L-1,INDIA,30-03-2015,COLLEGE STATION,UNITED STATES OF AMERICA,COGNIZANT TECHNOLOGY SOLUTIONS US CORPORATION,TEXAS,INDIA,Master's,19-07-2013,30-06-2014,Computer Systems Analysts,502
08-01-2014,Certified,H-1B,INDIA,20-07-2015,ST. PETERSBURG,UNITED STATES OF AMERICA,JABIL CIRCUIT INC,FLORIDA,INDIA,Bachelor's,10-09-2013,30-06-2014,Computer Systems Analysts,558
13-11-2013,Certified-Expired,L-1,INDIA,31-03-2015,COLLEGE STATION,UNITED STATES OF AMERICA,COGNIZANT TECHNOLOGY SOLUTIONS US CORPORATION,TEXAS,INDIA,Master's,19-07-2013,30-06-2014,Computer Systems Analysts,503
24-11-2009,Denied,H-1B,INDIA,25-08-2015,PLANTATION,UNITED STATES OF AMERICA,"CHETU, INC.",FLORIDA,INDIA,Bachelor's,20-11-2009,30-06-2010,"Computer Software Engineer, Applications",2100
12-11-2013,Certified,L-1,SOUTH AFRICA,15-05-2015,NEWPORT BEACH,UNITED STATES OF AMERICA,JUSTENOUGH SOFTWARE CORPORATION INC,CALIFORNIA,SOUTH AFRICA,Master's,19-07-2013,30-06-2014,"Software Developers, Applications",549
12-11-2013,Certified-Expired,L-1,INDIA,31-03-2015,COLLEGE STATION,UNITED STATES OF AMERICA,COGNIZANT TECHNOLOGY SOLUTIONS US CORPORATION,TEXAS,INDIA,Master's,19-07-2013,30-06-2014,Computer Systems Analysts,504
12-11-2013,Certified-Expired,H-1B,INDIA,31-03-2015,COLLEGE STATION,UNITED STATES OF AMERICA,COGNIZANT TECHNOLOGY SOLUTIONS US CORPORATION,TEXAS,INDIA,Bachelor's,23-07-2013,30-06-2014,Computer Systems Analysts,504
12-11-2013,Certified-Expired,H-1B,INDIA,23-03-2015,COLLEGE STATION,UNITED STATES OF AMERICA,COGNIZANT TECHNOLOGY SOLUTIONS US CORPORATION,TEXAS,INDIA,Bachelor's,19-07-2013,30-06-2014,"Software Developers, Applications",496
18-12-2013,Certified,H-1B,INDIA,28-05-2015,EL DORADO HILLS,UNITED STATES OF AMERICA,BLUE SHIELD OF CALIFORNIA,CALIFORNIA,INDIA,Bachelor's,06-08-2013,30-06-2014,Computer Systems Analysts,526
22-11-2013,Certified,H-1B,INDIA,14-05-2015,INDIANAPOLIS,UNITED STATES OF AMERICA,"NATIONAL GOVERNMENT SERVICES, INC.",INDIANA,INDIA,Bachelor's,31-07-2013,30-06-2014,Network and Computer Systems Administrators,538
20-12-2013,Certified,H-1B,CHINA,12-06-2015,MOUNTAIN VIEW,UNITED STATES OF AMERICA,GOOGLE INC.,CALIFORNIA,CHINA,Bachelor's,26-09-2013,30-06-2014,"Software Developers, Applications",539
12-11-2013,Certified-Expired,H-1B,INDIA,31-03-2015,COLLEGE STATION,UNITED STATES OF AMERICA,COGNIZANT TECHNOLOGY SOLUTIONS US CORPORATION,TEXAS,INDIA,Bachelor's,23-07-2013,30-06-2014,Computer Systems Analysts,504
19-11-2013,Certified,H-1B,INDIA,26-05-2015,CLARKSBURG,UNITED STATES OF AMERICA,CYNCZ LLC,MARYLAND,INDIA,Bachelor's,10-09-2013,30-06-2014,"Software Developers, Applications",553
18-11-2013,Certified,H-1B,INDIA,22-05-2015,FEDERAL WAY,UNITED STATES OF AMERICA,APPLEXUS TECHNOLOGIES LLC,WASHINGTON,INDIA,Master's,20-06-2013,18-09-2013,"SOFTWARE DEVELOPERS, APPLICATIONS",550
14-11-2013,Certified,H-1B,INDIA,11-05-2015,MILFORD,UNITED STATES OF AMERICA,SIEMENS PLM SOFTWARE INC.,OHIO,INDIA,Master's,30-04-2013,29-07-2013,"Software Developers, Applications",543
12-11-2013,Certified-Expired,H-1B,INDIA,31-03-2015,COLLEGE STATION,UNITED STATES OF AMERICA,COGNIZANT TECHNOLOGY SOLUTIONS US CORPORATION,TEXAS,INDIA,Bachelor's,23-07-2013,30-06-2014,Computer Systems Analysts,504
19-11-2013,Certified,H-1B,TANZANIA,14-05-2015,KILLEEN,UNITED STATES OF AMERICA,METROPLEX ADVENTIST HOSPITAL,TEXAS,TANZANIA,Master's,18-07-2013,30-06-2014,Accountants and Auditors,541
13-11-2013,Certified,H-1B,INDIA,20-05-2015,SOUTH PLAINFIELD,UNITED STATES OF AMERICA,"RADIANT SYSTEMS, INC.",NEW JERSEY,INDIA,Master's,26-07-2013,30-06-2014,"Software Developers, Applications",553
13-01-2014,Certified,H-1B,INDIA,16-06-2015,CUMMING,UNITED STATES OF AMERICA,IT DIVISION INC,GEORGIA,INDIA,Master's,25-09-2013,30-06-2014,"Software Developers, Applications",519
16-10-2014,Certified-Expired,H-1B,INDIA,09-03-2015,BINGHAM FARMS,UNITED STATES OF AMERICA,"COGENT INTEGRATED BUSINESS SOLUTIONS, INC.",MICHIGAN,INDIA,Master's,03-03-2014,30-06-2014,"Software Developers, Applications",144
12-11-2013,Certified-Expired,H-1B,INDIA,23-03-2015,COLLEGE STATION,UNITED STATES OF AMERICA,COGNIZANT TECHNOLOGY SOLUTIONS US CORPORATION,TEXAS,INDIA,Bachelor's,23-07-2013,30-06-2014,Computer Systems Analysts,496
11-11-2013,Certified,H-1B,INDIA,13-05-2015,SAN ANTONIO,UNITED STATES OF AMERICA,"RACKSPACE US, INC.",TEXAS,INDIA,Bachelor's,20-05-2013,18-08-2013,Database Administrators,548
03-12-2013,Certified,H-1B,PAKISTAN,28-05-2015,PALO ALTO,UNITED STATES OF AMERICA,"SAP LABS, LLC",CALIFORNIA,PAKISTAN,Bachelor's,26-06-2013,24-09-2013,Market Research Analysts and Marketing Specialists,541
20-11-2013,Certified,H-1B,GRENADA,19-05-2015,LINCOLNSHIRE,UNITED STATES OF AMERICA,HEWITT ASSOCIATES LLC,ILLINOIS,GRENADA,Bachelor's,09-07-2013,30-06-2014,Computer Systems Analysts,545
21-07-2009,Denied,H-1B,CANADA,15-05-2015,BIRMINGHAM,UNITED STATES OF AMERICA,SAMFORD UNIVERSITY,ALABAMA,CANADA,Bachelor's,09-04-2009,30-06-2009,Coaches and Scouts,2124
09-05-2014,Certified-Expired,H-1B,INDIA,09-10-2014,TAYLOR,UNITED STATES OF AMERICA,ANGSTROM USA LLC,MICHIGAN,INDIA,Master's,27-01-2014,30-06-2014,Mechanical Engineer,153
21-11-2013,Certified,H-1B,INDIA,24-06-2015,RTP,UNITED STATES OF AMERICA,IBM CORPORATION,NORTH CAROLINA,INDIA,Bachelor's,26-07-2013,30-06-2014,"Software Developers, Applications",580
15-11-2013,Certified,H-1B,INDIA,18-05-2015,BRAINTREE,UNITED STATES OF AMERICA,"THE DOTCOM.TEAM, LLC",MASSACHUSETTS,INDIA,Associate's,04-11-2013,30-06-2014,"Software Developers, Applications",549
12-11-2013,Certified,H-1B,CHINA,21-05-2015,LONG BEACH,UNITED STATES OF AMERICA,COMPULINK MANAGEMENT CENTER INC,CALIFORNIA,CHINA,Master's,13-05-2013,11-08-2013,"Software Developers, Applications",555
12-11-2013,Certified,F-1,SOUTH KOREA,21-05-2015,DALLAS,UNITED STATES OF AMERICA,"SAM MOON TRADING ENTERPRISES, LTD.,",TEXAS,SOUTH KOREA,Master's,23-08-2013,30-06-2014,Purchasing Managers,555
28-01-2009,Certified-Expired,H-1B,MEXICO,14-01-2015,NEW YORK,UNITED STATES OF AMERICA,"CAPE ADVISORS, INC.",NEW YORK,MEXICO,Bachelor's,25-08-2008,30-06-2009,INTERIOR DESIGNERS,2177
20-11-2013,Certified,H-1B,RUSSIA,12-05-2015,HOUSTON,UNITED STATES OF AMERICA,CAMAC INTERNATIONAL CORPORATION,TEXAS,RUSSIA,Bachelor's,02-07-2013,30-06-2014,Cost Estimators,538
12-11-2013,Certified-Expired,L-1,INDIA,30-03-2015,COLLEGE STATION,UNITED STATES OF AMERICA,COGNIZANT TECHNOLOGY SOLUTIONS US CORPORATION,TEXAS,INDIA,Bachelor's,23-07-2013,30-06-2014,Computer Systems Analysts,503
04-05-2009,Denied,H-1B,TURKEY,18-05-2015,PHOENIX,UNITED STATES OF AMERICA,LIBERTY PETROLEUM CORPORATION,ARIZONA,TURKEY,Master's,08-01-2009,30-06-2009,General and Operational Managers,2205
02-11-2009,Denied,H-1B,INDIA,28-08-2015,PALO ALTO,UNITED STATES OF AMERICA,VARIAN MEDICAL SYSTEMS,CALIFORNIA,INDIA,Master's,20-04-2009,20-07-2009,Network & Computer Systems Administrators,2125
08-03-2010,Denied,H-1B,INDIA,12-08-2015,NORCROSS,UNITED STATES OF AMERICA,"FUTURETECH CONSULTANTS, LLC",GEORGIA,INDIA,Bachelor's,06-10-2009,30-06-2010,Computer Software Engineer,1983
06-04-2010,Denied,H-1B,INDIA,13-03-2015,ALEXANDRIA,UNITED STATES OF AMERICA,COGSDALE SUPPORT LTD,VIRGINIA,INDIA,Bachelor's,22-12-2009,30-06-2010,Computer Software Engineers,1802
02-09-2010,Certified-Expired,H-1B,PANAMA,13-03-2015,FORT WORTH,UNITED STATES OF AMERICA,AMERICAN AIRLINES,TEXAS,PANAMA,Master's,08-06-2010,06-09-2010,"Electronics Engineers, Except Computer",1653
14-11-2013,Certified-Expired,H-1B,INDIA,01-04-2015,COLLEGE STATION,UNITED STATES OF AMERICA,COGNIZANT TECHNOLOGY SOLUTIONS US CORPORATION,TEXAS,INDIA,Bachelor's,23-07-2013,30-06-2014,Computer Systems Analysts,503
13-11-2013,Certified-Expired,H-1B,INDIA,31-03-2015,COLLEGE STATION,UNITED STATES OF AMERICA,COGNIZANT TECHNOLOGY SOLUTIONS US CORPORATION,TEXAS,INDIA,Master's,19-07-2013,30-06-2014,Computer Systems Analysts,503
12-12-2013,Certified,E-2,FRANCE,29-05-2015,DENTON,UNITED STATES OF AMERICA,"LABINAL, LLC",TEXAS,FRANCE,Associate's,30-05-2013,28-08-2013,"Electronics Engineers, Except Computer",533
12-11-2013,Certified-Expired,L-1,INDIA,31-03-2015,COLLEGE STATION,UNITED STATES OF AMERICA,COGNIZANT TECHNOLOGY SOLUTIONS US CORPORATION,TEXAS,INDIA,Bachelor's,19-07-2013,30-06-2014,"Software Developers, Applications",504
12-11-2013,Certified-Expired,H-1B,INDIA,30-03-2015,COLLEGE STATION,UNITED STATES OF AMERICA,COGNIZANT TECHNOLOGY SOLUTIONS US CORPORATION,TEXAS,INDIA,Bachelor's,19-07-2013,30-06-2014,"Software Developers, Applications",503
06-03-2015,Certified,H-1B,CANADA,23-09-2015,PULLMAN,UNITED STATES OF AMERICA,WASHINGTON STATE UNIVERSITY,WASHINGTON,CANADA,Doctorate,11-02-2015,30-06-2015,"Health Specialties Teachers, Postsecondary",201
06-03-2015,Certified,H-1B,TURKEY,23-09-2015,PULLMAN,UNITED STATES OF AMERICA,WASHINGTON STATE UNIVERSITY,WASHINGTON,TURKEY,Doctorate,10-02-2015,30-06-2015,"Engineering Teachers, Postsecondary",201
09-03-2015,Certified,H-1B,SOUTH KOREA,23-09-2015,PULLMAN,UNITED STATES OF AMERICA,WASHINGTON STATE UNIVERSITY,WASHINGTON,SOUTH KOREA,Doctorate,10-02-2015,30-06-2015,"Engineering Teachers, Postsecondary",198
20-01-2009,Denied,H-1B,INDIA,15-10-2014,PLANO,UNITED STATES OF AMERICA,INFOSYS TECHNOLOGIES LIMITED,TEXAS,INDIA,Bachelor's,08-10-2008,01-07-2009,Systems Analyst,2094
26-01-2009,Certified-Expired,H-1B,INDIA,17-11-2014,BOSTON,UNITED STATES OF AMERICA,"KEANE, INC.",MASSACHUSETTS,INDIA,Bachelor's,24-07-2008,30-06-2009,"Computer Software Engineers, Applications",2121
17-12-2014,Certified,H-1B,INDIA,19-06-2015,PULLMAN,UNITED STATES OF AMERICA,WASHINGTON STATE UNIVERSITY,WASHINGTON,INDIA,Doctorate,28-10-2014,30-06-2015,"Business Teachers, Postsecondary",184
09-10-2014,Certified-Expired,H-1B,CANADA,03-03-2015,PULLMAN,UNITED STATES OF AMERICA,WASHINGTON STATE UNIVERSITY,WASHINGTON,CANADA,Doctorate,22-09-2014,30-06-2015,"Physics Teachers, Postsecondary",145
18-08-2014,Certified-Expired,H-1B,CANADA,02-01-2015,PULLMAN,UNITED STATES OF AMERICA,WASHINGTON STATE UNIVERSITY,WASHINGTON,CANADA,Doctorate,01-07-2014,30-06-2015,"Biological Science Teachers, Postsecondary",137
04-09-2007,Denied,H-1B,PERU,13-04-2015,FT. MITCHELL,UNITED STATES OF AMERICA,COLUMBIA SUSSEX CORPORATION,KENTUCKY,PERU,Bachelor's,14-06-2007,14-09-2007,Housekeeping Supervisors,2778
26-02-2015,Certified,H-1B,SOUTH KOREA,04-09-2015,NEW YORK,UNITED STATES OF AMERICA,"ZONI LANGUAGE CENTER, INC",NEW YORK,SOUTH KOREA,Bachelor's,17-07-2014,30-06-2015,"Educational, Guidance, School, and Vocational Counselors",190
19-03-2008,Denied,B-2,PHILIPPINES,03-08-2015,DELHI,UNITED STATES OF AMERICA,O'CONNOR HOSPITAL,NEW YORK,PHILIPPINES,Bachelor's,03-08-2007,30-06-2008,Medical & Clinical Laboratory Technologist,2693
16-07-2008,Certified,EWI,PAKISTAN,08-09-2015,CHICAGO,UNITED STATES OF AMERICA,"LAKHA ENTERPRISES, INC. D/B/A USMANIA",ILLINOIS,PAKISTAN,Other,18-04-2008,17-07-2008,COOK,2610
18-09-2013,Certified,H-1B,UZBEKISTAN,17-04-2015,DES PLAINES,UNITED STATES OF AMERICA,CONCEPT SCHOOLS NFP,ILLINOIS,UZBEKISTAN,Master's,18-06-2013,16-09-2013,ACCOUNTANTS AND AUDITORS,576
12-01-2010,Denied,H-1B,CANADA,19-05-2015,NIAGARA FALLS,UNITED STATES OF AMERICA,"CSI INTERNATIONAL, INC",NEW YORK,CHINA,Bachelor's,06-10-2009,30-06-2010,Purchasing Managers,1953
31-07-2008,Denied,H-1B,INDIA,14-10-2014,REDMOND,UNITED STATES OF AMERICA,MICROSOFT CORPORATION,WASHINGTON,INDIA,Master's,06-09-2007,30-06-2008,"Computer Software Engineers, Systems",2266
10-10-2008,Denied,H-1B,INDIA,29-07-2015,NEWARK,UNITED STATES OF AMERICA,AMSOL INC,DELAWARE,INDIA,Master's,30-04-2008,29-07-2008,Operations Research Analyst,2483
26-08-2008,Denied,H-1B,BRAZIL,14-10-2014,NORTH BAY VILLAGE,UNITED STATES OF AMERICA,"GOLTV, INC.",FLORIDA,BRAZIL,Master's,10-06-2008,08-09-2008,Chief Financial Officer,2240
25-09-2008,Denied,H-1B,DOMINICA,13-04-2015,FORT WORTH,UNITED STATES OF AMERICA,"WEAVER & TIDWELL, L.L.P.",TEXAS,DOMINICA,Bachelor's,26-08-2008,30-06-2009,Auditors,2391
27-08-2008,Denied,H-1B,INDIA,16-09-2015,BLUE BELL,UNITED STATES OF AMERICA,GENILOGIX,PENNSYLVANIA,INDIA,Bachelor's,12-02-2008,30-06-2008,"Computer Software Engineers, Applications",2576
23-06-2008,Denied,H-1B,FRANCE,20-05-2015,CONYERS,UNITED STATES OF AMERICA,ROCKLAND COUNTRY DAY SCHOOL,NEW JERSEY,FRANCE,Bachelor's,23-11-2007,30-06-2008,"MIDDLE SCHOOL TEACHERS, EXCEPT SPECIAL & VOCATIONAL ED",2522
17-07-2009,Denied,H-1B,FRANCE,02-06-2015,DALLAS,UNITED STATES OF AMERICA,DALLAS INTERNATIONAL SCHOOL,TEXAS,FRANCE,Other,12-12-2008,30-06-2009,History and Geography Teacher/Middle School Coordinator,2146
07-11-2013,Certified-Expired,H-1B,PHILIPPINES,30-03-2015,NEW YORK,UNITED STATES OF AMERICA,"MEDICAL DYNAMIC SYSTEMS, INC",NEW YORK,PHILIPPINES,Bachelor's,23-09-2013,30-06-2014,Operations Research Analyst,508
25-06-2014,Certified-Expired,H-1B,INDIA,25-11-2014,FREMONT,UNITED STATES OF AMERICA,"E-BASE TECHNOLOGIES, INC",CALIFORNIA,INDIA,Bachelor's,23-04-2014,22-07-2014,Computer Systems Analysts,153
29-10-2008,Certified,H-1B,INDIA,31-08-2015,FREMONT,UNITED STATES OF AMERICA,DGN TECHNOLOGIES INC.,CALIFORNIA,INDIA,Master's,19-06-2008,17-09-2008,computer and information systems manager,2497
20-08-2009,Denied,H-1B,ISRAEL,20-08-2015,LYNBROOK,UNITED STATES OF AMERICA,SUITS WAREHOUSE OUTLET CORP. D/B/A KARAKO DESIGNER SUITS,NEW YORK,ISRAEL,Bachelor's,29-08-2008,30-06-2009,ELECTRICAL ENGINEER,2191
30-10-2009,Denied,H-1B,UNITED KINGDOM,18-09-2015,ASHTON,UNITED STATES OF AMERICA,"REDDEMEADE FARM, INC",MARYLAND,SOUTH AFRICA,Bachelor's,22-10-2008,22-10-2009,Recreation Workers,2149
20-08-2009,Denied,H-1B,INDIA,26-01-2015,EVERETT,UNITED STATES OF AMERICA,FLUKE ELECTRONICS CORPORATION,WASHINGTON,INDIA,Master's,12-06-2009,10-09-2009,Computer Systems Analysts,1985
30-06-2015,Withdrawn,H-1B,CHINA,02-09-2015,NORMAN,UNITED STATES OF AMERICA,THE UNIVERSITY OF OKLAHOMA,OKLAHOMA,CHINA,Master's,05-08-2014,30-06-2015,Librarian I,64
28-08-2009,Denied,F-1,INDIA,09-01-2015,PORT ARTHUR,UNITED STATES OF AMERICA,"GULF COAST CARDIOLOGY GROUP, P.L.L.C",TEXAS,INDIA,Master's,29-05-2009,29-08-2009,Accountant,1960
22-10-2009,Denied,H-1B,INDIA,22-10-2014,WALTHAM,UNITED STATES OF AMERICA,BURNTSAND CORPORATION,MASSACHUSETTS,INDIA,Other,16-06-2009,13-09-2009,Computer Systems Analysts,1826
11-09-2009,Denied,H-1B,NEW ZEALAND,18-05-2015,LOS ANGELES,UNITED STATES OF AMERICA,"OAKTREE CAPITAL MANAGEMENT, L.P.",CALIFORNIA,NEW ZEALAND,Bachelor's,11-05-2009,09-08-2009,Financial Analysts,2075
10-11-2008,Certified-Expired,H-1B,INDIA,05-02-2015,SANJOSE,UNITED STATES OF AMERICA,"JASS & ASSOCIATES,INC.",CALIFORNIA,INDIA,Master's,08-07-2008,01-07-2009,"Computer S/W Engineers, Applications",2278
30-10-2008,Denied,H-1B,UNITED KINGDOM,14-10-2014,PONTE VEDRA BEACH,UNITED STATES OF AMERICA,"PGA TOUR, INC.",FLORIDA,UNITED KINGDOM,Bachelor's,28-10-2008,30-06-2009,Marketing Manager,2175
25-06-2009,Denied,H-1B,COLOMBIA,02-06-2015,WESTON,UNITED STATES OF AMERICA,GALCA CONSTRUCTION CORP,FLORIDA,COLOMBIA,Bachelor's,13-04-2009,12-07-2009,Cost Estimators,2168
14-11-2008,Denied,H-1B,UNITED KINGDOM,02-06-2015,CLOVERDALE,UNITED STATES OF AMERICA,"SUMMIT HELICOPTERS, INC.",VIRGINIA,UNITED KINGDOM,Bachelor's,11-08-2008,30-06-2009,Commercial Pilots,2391
21-11-2008,Certified,H-1B,MEXICO,12-08-2015,ANOKA,UNITED STATES OF AMERICA,"HOFFMAN ENCLOSURES, INC.",MINNESOTA,MEXICO,Bachelor's,10-11-2008,30-06-2009,General and Operations Managers,2455
21-11-2008,Denied,H-1B,HONDURAS,13-04-2015,HOUSTON,UNITED STATES OF AMERICA,"DESIGNER STONE CENTER, INC.",TEXAS,HONDURAS,Bachelor's,28-05-2008,27-05-2009,Accountants,2334
22-12-2008,Certified-Expired,H-1B,INDIA,02-02-2015,NEW YORK,UNITED STATES OF AMERICA,AMERICAN EXPRESS TRAVEL RELATED SERVICES,NEW YORK,INDIA,Bachelor's,22-10-2008,30-06-2009,Computer Software Engineer,2233
21-11-2008,Certified-Expired,H-1B,INDIA,02-02-2015,CUPERTINO,UNITED STATES OF AMERICA,APPLE INC.,CALIFORNIA,INDIA,Bachelor's,19-09-2008,01-07-2009,"Computer Software Engineer, Application",2264
04-12-2008,Denied,H-1B,INDIA,09-07-2015,FREMONT,UNITED STATES OF AMERICA,DGN TECHNOLOGIES INC.,CALIFORNIA,INDIA,Bachelor's,19-06-2008,17-09-2008,COMPUTER SYSTEMS ANALYST,2408
04-12-2008,Certified,H-1B,INDIA,11-08-2015,REDMOND,UNITED STATES OF AMERICA,MICROSOFT CORPORATION,WASHINGTON,INDIA,Bachelor's,08-07-2008,06-10-2008,Computer Support Specialists,2441
02-12-2008,Denied,H-1B,PHILIPPINES,15-05-2015,WEST PALM BEACH,UNITED STATES OF AMERICA,SCHOOL DISTRICT OF PALM BEACH COUNTY,FLORIDA,PHILIPPINES,Bachelor's,01-07-2008,30-06-2009,Mathematics teacher,2355
21-01-2009,Denied,H-1B,INDIA,28-05-2015,RTP,UNITED STATES OF AMERICA,IBM CORPORATION,NORTH CAROLINA,INDIA,Master's,11-09-2008,30-06-2009,"Computer Software Engineers, Systems Software",2318
12-12-2008,Denied,B-2,MALAYSIA,28-08-2015,BROOKLYN,UNITED STATES OF AMERICA,SPECIAL EDUCATION ASSOCIATES,NEW YORK,MALAYSIA,Bachelor's,29-05-2008,27-08-2008,SPEECH PATHOLOGIST,2450
16-01-2009,Denied,H-1B,INDIA,14-10-2014,REDMOND,UNITED STATES OF AMERICA,MICROSOFT CORPORATION,WASHINGTON,INDIA,Bachelor's,25-09-2008,30-06-2009,Computer Systems Analysts,2097
04-10-2011,Denied,H-1B,UKRAINE,11-08-2015,NEW YORK,UNITED STATES OF AMERICA,"MOORE CAPITAL MANAGEMENT, LP",NEW YORK,UKRAINE,Doctorate,10-06-2011,08-09-2011,Financial Analysts,1407
20-03-2009,Denied,B-2,POLAND,13-04-2015,BROOKLYN,UNITED STATES OF AMERICA,POLAM  INTERNATIONAL  MEAT  MARKET INC,NEW YORK,POLAND,High School,01-12-2008,30-06-2009,Cook,2215
28-03-2009,Denied,H-1B,INDIA,20-05-2015,NEW YORK,UNITED STATES OF AMERICA,MPHASIS CORPORATION,NEW YORK,INDIA,Bachelor's,22-08-2008,30-06-2009,"Computer Software Engineers, Applications",2244
06-05-2009,Denied,H-1B,UGANDA,30-01-2015,NEW YORK,UNITED STATES OF AMERICA,PALLADIA INC,NEW YORK,UGANDA,Master's,21-11-2008,30-06-2009,Rehabilitation Counselors,2095
08-04-2009,Denied,H-1B,INDIA,28-08-2015,SAN JOSE,UNITED STATES OF AMERICA,"CISCO SYSTEMS, INC.",CALIFORNIA,INDIA,Master's,14-10-2008,10-09-2009,"Computer Software Engineers, Systems",2333
22-04-2009,Denied,H-1B,ARGENTINA,17-09-2015,NEW YORK,UNITED STATES OF AMERICA,BANK HAPOALIM,NEW YORK,ARGENTINA,Bachelor's,09-04-2009,30-06-2009,Personal Financial Advisors,2339
06-04-2009,Denied,H-1B,INDIA,09-07-2015,FREMONT,UNITED STATES OF AMERICA,DGN TECHNOLOGIES INC.,CALIFORNIA,INDIA,Master's,03-12-2008,01-07-2009,computer and information systems manager,2285
09-07-2009,Denied,EWI,INDIA,22-06-2015,BIRMINGHAM,UNITED STATES OF AMERICA,"KHUSI, LLC D/B/A SUBWAY",ALABAMA,INDIA,High School,08-07-2009,07-10-2009,FOOD SERVICE MANAGER,2174
16-04-2009,Denied,H-1B,CHINA,31-08-2015,NEW YORK,UNITED STATES OF AMERICA,THE CHINA PRESS,NEW YORK,CHINA,Bachelor's,14-01-2009,30-06-2009,Reporter,2328
08-05-2009,Denied,H-1B,NIGERIA,02-12-2014,HOUSTON,UNITED STATES OF AMERICA,"GEORGE STEVENS RESOURCES COMPANY, INC.",TEXAS,NIGERIA,Bachelor's,28-01-2009,30-06-2009,Engineering Managers,2034
07-05-2009,Denied,H-1B,INDIA,09-07-2015,FREMONT,UNITED STATES OF AMERICA,DGN TECHNOLOGIES INC.,CALIFORNIA,INDIA,Master's,03-12-2008,01-07-2009,computer and information systems manager,2254
07-05-2009,Denied,H-1B,INDIA,27-05-2015,ANNAPOLIS,UNITED STATES OF AMERICA,"STARRY ASSOCIATES, INCORPORATED",MARYLAND,INDIA,Master's,06-11-2008,05-11-2009,Computer Systems Analysts,2211
23-07-2009,Denied,H-1B,INDIA,25-08-2015,PISCATAWAY,UNITED STATES OF AMERICA,SUBEX TECHNOLOGIES INC,NEW JERSEY,INDIA,Bachelor's,21-01-2009,30-06-2009,Network and Computer Systems Administrator,2224
11-05-2009,Denied,H-1B,UNITED KINGDOM,15-05-2015,LOS ANGELES,UNITED STATES OF AMERICA,COMPUTER GRAPHICS AND NETWORKING,CALIFORNIA,UNITED KINGDOM,Master's,19-11-2008,01-07-2009,"Financial Manager, Branch or Department",2195
25-05-2009,Denied,H-1B,INDIA,09-07-2015,FREMONT,UNITED STATES OF AMERICA,DGN TECHNOLOGIES INC.,CALIFORNIA,INDIA,Master's,03-12-2008,01-07-2009,computer and information systems manager,2236
06-07-2009,Denied,H-1B,CHINA,15-05-2015,CHARLOTTESVILLE,UNITED STATES OF AMERICA,HROK L.L.C.,VIRGINIA,CHINA,Bachelor's,17-11-2008,30-06-2009,"Purchasing Agents, Except Wholesale, Retail, and Farm Products",2139
26-06-2009,Withdrawn,H-1B,INDIA,19-02-2015,ARLINGTON,UNITED STATES OF AMERICA,PA EMPLOYMENT SERVICES INC,VIRGINIA,UNITED ARAB EMIRATES,Master's,12-05-2009,31-08-2009,Management Analysts,2064
15-07-2009,Denied,H-1B,INDIA,20-05-2015,GREENSBORO,UNITED STATES OF AMERICA,"VOLVO GROUP NORTH AMERICA, INC.",NORTH CAROLINA,INDIA,Bachelor's,08-01-2009,30-06-2009,Mechanical Engineer,2135
07-01-2010,Denied,H-1B1,JAPAN,12-08-2015,NEW YORK,UNITED STATES OF AMERICA,"THE SAKE CLUB, INC.",NEW YORK,JAPAN,Bachelor's,05-10-2009,30-06-2010,Business Operations Manager,2043
22-12-2009,Denied,H-1B,INDIA,18-09-2015,GAITHERSBURG,UNITED STATES OF AMERICA,"ADVANCED INFORMATION SYSTEM, INC.",MARYLAND,INDIA,Bachelor's,17-08-2009,16-08-2010,Computer Systems Analysts,2096
08-01-2015,Certified,H-1B,INDIA,31-07-2015,BEDFORD,UNITED STATES OF AMERICA,INTERACTIVE DATA CORPORATION,MASSACHUSETTS,INDIA,Master's,19-09-2014,30-06-2015,Database Engineer,204
10-09-2009,Denied,F-1,MEXICO,05-03-2015,HOLLYWOOD,UNITED STATES OF AMERICA,"GELATO CAFE, LLC",FLORIDA,MEXICO,Other,29-06-2009,26-09-2009,Engineering Technician,2002
17-08-2009,Denied,H-1B,NIGERIA,18-05-2015,SALINAS,UNITED STATES OF AMERICA,NATIVIDAD MEDICAL CENTER,CALIFORNIA,NIGERIA,Other,16-03-2009,01-07-2009,Family & General Practitioners,2100
09-07-2009,Denied,L-1,BOLIVIA,09-01-2015,PERRYSBURG,UNITED STATES OF AMERICA,"OWENS-ILLINOIS, INC.",OHIO,BOLIVIA,Bachelor's,08-01-2009,30-06-2009,Auditors,2010
07-08-2009,Certified-Expired,H-1B,INDIA,04-11-2014,BROOMFIELD,UNITED STATES OF AMERICA,"WEBROOT SOFTWARE, INC.",COLORADO,INDIA,Master's,05-09-2008,01-07-2009,"Computer Software Engineers, Applications",1915
23-06-2009,Denied,H-1B,JAPAN,06-05-2015,SAN LEANDRO,UNITED STATES OF AMERICA,TRUE WORLD FOODS SAN FRANCISCO LLC,CALIFORNIA,JAPAN,Bachelor's,17-12-2008,01-07-2009,Public Relations Specialists,2143
30-06-2009,Denied,H-1B,INDIA,13-04-2015,CLEVELAND,UNITED STATES OF AMERICA,THE SHERWIN-WILLIAMS COMPANY,OHIO,INDIA,Bachelor's,15-06-2009,13-09-2009,Senior Oracle Applications Developer,2113
23-09-2009,Certified-Expired,H-1B,INDIA,13-01-2015,JOHNSTON,UNITED STATES OF AMERICA,FACTORY MUTUAL INSURANCE COMPANY,RHODE ISLAND,INDIA,Master's,23-03-2009,30-06-2009,Senior Development Database Administrator,1938
15-07-2009,Denied,H-1B,URUGUAY,02-12-2014,CARSON,UNITED STATES OF AMERICA,"NACA  LOGISTICS (USA), INC.",CALIFORNIA,URUGUAY,Bachelor's,19-12-2008,30-06-2009,GENERAL AND OPERATIONS MANAGER,1966
17-07-2009,Denied,L-1,ITALY,06-05-2015,WIXOM,UNITED STATES OF AMERICA,BLM GROUP USA CORPORATION,MICHIGAN,ITALY,High School,03-12-2008,03-03-2009,EngineeringTechnician,2119
14-10-2009,Denied,H-1B,SOUTH KOREA,15-05-2015,ANNANDALE,UNITED STATES OF AMERICA,KOREA MONITOR INC,VIRGINIA,SOUTH KOREA,Master's,03-04-2009,02-07-2009,Marketing Manager,2039
02-09-2009,Denied,F-1,ZIMBABWE,02-06-2015,LINCOLN,UNITED STATES OF AMERICA,UNIVERSITY OF NEBRASKA-LINCOLN,NEBRASKA,ZIMBABWE,Bachelor's,06-04-2009,05-04-2010,SAP Busniess Technologies Lead,2099
14-09-2009,Denied,H-1B,INDIA,09-01-2015,LOUISVILLE,UNITED STATES OF AMERICA,"CABLE TELEVISION LABORATORIES, INC",COLORADO,INDIA,Bachelor's,29-06-2009,29-09-2009,Software Engineer,1943
29-09-2009,Denied,H-1B,INDIA,15-05-2015,MT. VERNON,UNITED STATES OF AMERICA,SABIC INNOVATIVE PLASTICS,INDIANA,INDIA,Doctorate,12-06-2009,10-09-2009,Industrial Engineer,2054
15-09-2009,Denied,H-1B,BRAZIL,21-08-2015,CHICAGO,UNITED STATES OF AMERICA,JP MORGAN CHASE & CO.,ILLINOIS,BRAZIL,Bachelor's,13-08-2009,30-06-2010,"SECURITIES,COMMODITIES,AND FINANCIAL SERVICES SALES AGENTS",2166
26-01-2010,Denied,H-1B,MEXICO,04-09-2015,HOUSTON,UNITED STATES OF AMERICA,GALENA PARK INDEPENDENT SCHOOL DISTRICT,TEXAS,MEXICO,Bachelor's,20-10-2009,30-06-2010,Elementary School Teachers,2047
19-02-2010,Denied,H-1B,INDIA,10-09-2015,SANTA CLARA,UNITED STATES OF AMERICA,MCAFEE INC.,CALIFORNIA,INDIA,Bachelor's,24-11-2009,01-07-2010,Software Applications Engineer,2029
09-03-2010,Denied,H-1B,INDIA,17-09-2015,CHANTILLY,UNITED STATES OF AMERICA,GLOBAL COMPUTER PRODUCTS INC,VIRGINIA,INDIA,Master's,14-10-2009,30-06-2010,computer and information systems manager,2018
05-03-2010,Certified,H-1B,JAPAN,11-09-2015,WAIMANALO,UNITED STATES OF AMERICA,ATTRACTIONS HAWAII DBA SEA LIFE PARK,HAWAII,JAPAN,High School,27-10-2009,25-01-2010,Marketing Manager,2016
01-12-2009,Denied,H-1B,GERMANY,19-05-2015,BROOMALL,UNITED STATES OF AMERICA,SIEDLE SECURITY SYSTEMS,PENNSYLVANIA,GERMANY,Bachelor's,10-08-2009,30-06-2010,Sales Managers,1995
08-01-2010,Denied,H-1B,INDIA,09-01-2015,PLANO,UNITED STATES OF AMERICA,INFOSYS TECHNOLOGIES LIMITED,TEXAS,INDIA,Bachelor's,15-07-2009,01-07-2010,Systems Analyst,1827
13-01-2010,Denied,H-1B,EGYPT,15-05-2015,CAMP HILL,UNITED STATES OF AMERICA,RITE AID CORPORATION,PENNSYLVANIA,EGYPT,Bachelor's,04-11-2009,03-12-2009,Pharmacist,1948
30-09-2009,Denied,H-1B,INDIA,06-05-2015,FREMONT,UNITED STATES OF AMERICA,DGN TECHNOLOGIES INC.,CALIFORNIA,INDIA,Bachelor's,04-12-2008,01-07-2009,COMPUTER SYSTEMS ANALYST,2044
22-07-2010,Denied,H-1B,INDIA,14-04-2015,SOUTH WINDSOR,UNITED STATES OF AMERICA,WEBILENT TECHNOLOGY INC.,CONNECTICUT,INDIA,Bachelor's,04-01-2010,04-04-2010,Computer Systems Analysts,1727
27-10-2010,Denied,H-1B,INDIA,05-06-2015,PLANO,UNITED STATES OF AMERICA,INFOSYS TECHNOLOGIES LIMITED,TEXAS,INDIA,Bachelor's,15-07-2009,01-07-2010,Computer Systems Analysts,1682
21-10-2009,Denied,H-1B,INDIA,13-04-2015,LAWRENCE,UNITED STATES OF AMERICA,"DESIGN, ANALYSIS & RESEARCH CORPORATION",KANSAS,INDIA,Master's,08-06-2009,08-06-2010,Aerospace Engineer,2000
01-10-2009,Denied,H-1B,INDIA,30-01-2015,CHESTERFIELD,UNITED STATES OF AMERICA,"TETRASOFT, INC.",MISSOURI,INDIA,Bachelor's,05-06-2009,02-09-2009,"Computer Software Engineers, Applications",1947
14-09-2009,Denied,H-1B,INDIA,20-08-2015,INDIANAPOLIS,UNITED STATES OF AMERICA,BRITE SYSTEMS,INDIANA,INDIA,Bachelor's,04-05-2009,01-08-2009,"Computer Software Engineer, Applications",2166
06-10-2009,Denied,H-1B,FRANCE,25-08-2015,BRIDGEWATER,UNITED STATES OF AMERICA,SANOFI-AVENTIS US INC.,NEW JERSEY,FRANCE,Doctorate,06-04-2009,30-06-2009,Biochemist and Biophysicists,2149
25-09-2009,Denied,H-1B,GERMANY,06-05-2015,HERNDON,UNITED STATES OF AMERICA,VOLKSWAGEN OF AMERICA,VIRGINIA,GERMANY,Master's,15-07-2009,30-06-2010,Product Manager,2049
07-10-2009,Denied,B-1,JAMAICA,13-04-2015,"TRENTON,",UNITED STATES OF AMERICA,THE CHURCH OF GOD OF PROPHECY,NEW JERSEY,JAMAICA,Associate's,05-06-2006,30-12-2009,"LICENSE MINISTER, BIBLE TEACHER & ADMINISTRATIVE ASSISTANT (HIGH)",2014
08-10-2009,Denied,H-1B,CANADA,15-06-2015,SAN RAMON,UNITED STATES OF AMERICA,SYMYX SOLUTIONS INC. (A SYMYX TECHNOLOGIES CO.),CALIFORNIA,CHINA,Bachelor's,19-08-2008,01-07-2009,"Computer Software Engineers, Systems Software",2076
14-10-2009,Denied,H-1B,CHINA,15-05-2015,SALT LAKE CITY,UNITED STATES OF AMERICA,"DECISIVE ENVIRONMENT, LLC",UTAH,CHINA,Bachelor's,29-01-2009,29-01-2010,General and Operations Manager,2039
08-10-2009,Denied,B-2,UNITED STATES OF AMERICA,22-10-2014,BUENA PARK,UNITED STATES OF AMERICA,"J  AND P HOMES, INC.",CALIFORNIA,PHILIPPINES,Associate's,20-07-2009,20-08-2010,Residence Supervisor,1840
06-11-2009,Denied,F-1,TAIWAN,15-05-2015,ATASCADERO,UNITED STATES OF AMERICA,ATASCADERO STATE HOSPITAL,CALIFORNIA,TAIWAN,Doctorate,01-09-2009,31-08-2012,Clinical Psychologists,2016
19-11-2009,Denied,H-1B,CANADA,15-10-2014,REDMOND,UNITED STATES OF AMERICA,MICROSOFT CORPORATION,WASHINGTON,CANADA,Bachelor's,15-07-2009,30-06-2010,Computer & Info. Systems Managers,1791
28-10-2009,Certified,H-1B,INDIA,10-09-2015,GLEN ALLEN,UNITED STATES OF AMERICA,LUCID TECHNOLOGIES INC.,VIRGINIA,INDIA,Bachelor's,08-07-2009,30-06-2010,Computer Software Developer,2143
22-10-2009,Denied,C-1,PHILIPPINES,13-04-2015,GLADWYNE,UNITED STATES OF AMERICA,JOSEPHINE WANG,PENNSYLVANIA,PHILIPPINES,High School,18-11-2008,30-06-2009,LIVE-IN HOUSEHOLD DOMESTIC SERVICE WORKER,1999
23-10-2009,Denied,H-1B,UNITED KINGDOM,30-01-2015,DEARBORN,UNITED STATES OF AMERICA,THE SOFTAD GROUP LLC DBA CHANNELNET,MICHIGAN,UNITED KINGDOM,Bachelor's,01-05-2009,30-07-2009,S/W Applications Engineer,1925
10-12-2009,Denied,H-1B,PAKISTAN,15-05-2015,WALTHAM,UNITED STATES OF AMERICA,"PRTM MANAGEMENT CONSULTANTS,INC",MASSACHUSETTS,PAKISTAN,Master's,13-08-2009,30-06-2010,Management Analysts,1982
13-11-2009,Denied,H-1B,SLOVAKIA,12-08-2015,PALO ALTO,UNITED STATES OF AMERICA,"VMWARE, INC.",CALIFORNIA,SLOVAKIA,Bachelor's,30-07-2009,31-12-2009,Technical Writers,2098
09-11-2009,Denied,H-1B,INDONESIA,27-05-2015,SPRINGDALE,UNITED STATES OF AMERICA,"TYSON FOODS, INC.",ARKANSAS,INDONESIA,Bachelor's,02-09-2009,01-09-2010,Advertising and Promotions Managers,2025
09-12-2009,Denied,H-1B,ECUADOR,15-05-2015,SAN JUAN,UNITED STATES OF AMERICA,HUNTER DEL CARIBE CORP.,PUERTO RICO,ECUADOR,Bachelor's,30-09-2009,30-06-2010,Information Systems Manager,1983
21-12-2009,Denied,L-1,UNITED KINGDOM,29-07-2015,NEW YORK,UNITED STATES OF AMERICA,"SMARTSTREAM TECHNOLOGIES, INC",NEW YORK,UNITED KINGDOM,High School,17-07-2009,30-06-2010,Systems Analyst (Solutions Architect),2046
08-01-2010,Denied,H-1B,INDIA,09-01-2015,PLANO,UNITED STATES OF AMERICA,INFOSYS TECHNOLOGIES LIMITED,TEXAS,INDIA,Bachelor's,15-07-2009,01-07-2010,Systems Analyst,1827
08-02-2010,Denied,H-1B,JAPAN,28-05-2015,DORAVILLE,UNITED STATES OF AMERICA,SHIRASAGI INTERNATIONAL CORPORATION,GEORGIA,JAPAN,Bachelor's,08-10-2009,30-06-2010,Kindergarten Teachers,1935
21-01-2010,Denied,H-1B,JAPAN,19-05-2015,CRYSTAL RIVER,UNITED STATES OF AMERICA,"CRYSTAL AERO GROUP, INC.",FLORIDA,JAPAN,Bachelor's,27-10-2009,30-06-2010,Vocational Education Teachers Postsecondary,1944
15-12-2009,Denied,H-1B,INDIA,30-01-2015,FREMONT,UNITED STATES OF AMERICA,ERP & ERP CORP,CALIFORNIA,INDIA,Bachelor's,04-12-2009,30-06-2010,computer software engineer,1872
18-12-2009,Denied,H-1B,INDIA,05-05-2015,STAMFORD,UNITED STATES OF AMERICA,"UBS AG,",CONNECTICUT,INDIA,Master's,05-06-2009,04-09-2009,Financial Manager,1964
20-12-2009,Denied,H-1B,CHINA,02-07-2015,NEW YORK,UNITED STATES OF AMERICA,SINOVISION INC.,NEW YORK,CHINA,Bachelor's,07-05-2009,05-08-2009,Reporters and Correspondents,2020
16-02-2010,Denied,H-1B,SOUTH KOREA,05-08-2015,WASHINGTON,UNITED STATES OF AMERICA,"NORTHPOLE US, LLC",MISSOURI,SOUTH KOREA,Bachelor's,25-09-2009,30-06-2010,Marketing Managers,1996
01-02-2010,Denied,H-1B,TURKEY,02-01-2015,SOMERSET,UNITED STATES OF AMERICA,EVEREST PRODUCTION CORPORATION,NEW JERSEY,TURKEY,Master's,24-08-2009,30-06-2010,Producers,1796
31-12-2009,Denied,H-1B,TAIWAN,30-01-2015,CHEVERLY,UNITED STATES OF AMERICA,DIMENSIONS HEALTH CORPORATION,MARYLAND,TAIWAN,Master's,17-07-2009,16-10-2009,Speech-Language Pathologists,1856
20-05-2010,Denied,H-1B,INDIA,08-07-2015,FREMONT,UNITED STATES OF AMERICA,DGN TECHNOLOGIES INC.,CALIFORNIA,INDIA,Bachelor's,26-04-2010,25-07-2010,"computer software engineers, application",1875
19-07-2010,Denied,H-1B,PERU,31-08-2015,LITTLE ROCK,UNITED STATES OF AMERICA,LISA ACADEMY,ARKANSAS,PERU,Master's,16-06-2010,14-09-2010,"Secondary School Teachers, Except Special and Vocational",1869
31-05-2010,Denied,H-1B,INDIA,14-04-2015,SOUTH WINDSOR,UNITED STATES OF AMERICA,WEBILENT TECHNOLOGY INC.,CONNECTICUT,INDIA,Master's,04-01-2010,04-04-2010,"Computer Software Engineers, Systems Software",1779
01-03-2010,Denied,B-2,EL SALVADOR,31-08-2015,INGLEWOOD,UNITED STATES OF AMERICA,"NEW MACHINE WORLD USA, INC.",CALIFORNIA,EL SALVADOR,High School,22-07-2009,01-07-2010,Import Export Office Clerk,2009
10-03-2010,Denied,H-1B,INDIA,15-06-2015,ATLANTA,UNITED STATES OF AMERICA,"SOFTPROS, INC.",GEORGIA,INDIA,Bachelor's,14-09-2009,30-06-2010,Software Engineer,1923
27-07-2010,Denied,H-1B,MEXICO,27-05-2015,HOUSTON,UNITED STATES OF AMERICA,SPRING BRANCH INDEPENDENT SCHOOL DISTRICT,TEXAS,MEXICO,Bachelor's,17-12-2009,30-06-2010,"Elementary School Teachers, Except Special Education",1765
27-10-2010,Denied,H-1B,INDIA,21-04-2015,PLANO,UNITED STATES OF AMERICA,INFOSYS TECHNOLOGIES LIMITED,TEXAS,INDIA,Bachelor's,15-07-2009,01-07-2010,Computer Systems Analysts,1637
03-05-2010,Denied,B-2,SOUTH KOREA,22-12-2014,LOS ANGELES,UNITED STATES OF AMERICA,"TUA FASHION, INC.",CALIFORNIA,SOUTH KOREA,High School,22-12-2009,01-07-2010,Patternmaker,1694
17-11-2014,Certified,H-1B,INDIA,28-05-2015,IRVING,UNITED STATES OF AMERICA,ABEAM CONSULTING (USA) LTD.,TEXAS,INDIA,Master's,25-08-2014,30-06-2015,"Software Developers, Systems Software",192
01-04-2010,Denied,H-1B,INDIA,08-07-2015,FREMONT,UNITED STATES OF AMERICA,DGN TECHNOLOGIES INC.,CALIFORNIA,INDIA,Master's,05-10-2009,01-07-2010,computer and information systems manager,1924
03-05-2010,Denied,H-1B,INDIA,08-07-2015,FREMONT,UNITED STATES OF AMERICA,DGN TECHNOLOGIES INC.,CALIFORNIA,INDIA,Master's,05-10-2009,01-07-2010,computer and information systems manager,1892
15-06-2011,Denied,H-1B,MEXICO,23-06-2015,BASKING RIDGE,UNITED STATES OF AMERICA,VERIZON BUSINESS NETWORK SERVICES INC.,NEW JERSEY,MEXICO,Bachelor's,02-02-2011,30-06-2011,1st-Line Supervisors/Mgrs of Ofc &Adm Sup Wkrs,1469
17-05-2010,Denied,H-1B,INDIA,18-03-2015,PLANO,UNITED STATES OF AMERICA,INFOSYS TECHNOLOGIES LIMITED,TEXAS,INDIA,Bachelor's,15-07-2009,01-07-2010,Systems Analyst,1766
29-04-2010,Denied,H-1B,INDIA,08-07-2015,FREMONT,UNITED STATES OF AMERICA,DGN TECHNOLOGIES INC.,CALIFORNIA,INDIA,Master's,05-10-2009,01-07-2010,computer and information systems manager,1896
26-08-2010,Denied,H-1B,TURKEY,06-03-2015,BROOKLYN,UNITED STATES OF AMERICA,VINTAGE FOOD CORPORATION,NEW YORK,TURKEY,Bachelor's,30-04-2010,29-07-2010,"Treasurers, Controllers, and Chief Financial Officers",1653
07-05-2010,Denied,H-1B,INDIA,08-07-2015,FREMONT,UNITED STATES OF AMERICA,DGN TECHNOLOGIES INC.,CALIFORNIA,INDIA,Master's,05-10-2009,01-07-2010,computer and information systems manager,1888
30-06-2010,Denied,H-1B,PHILIPPINES,28-05-2015,PRESIDIO,UNITED STATES OF AMERICA,PRESIDIO INDEPENDENT SCHOOL DISTRICT,TEXAS,PHILIPPINES,Bachelor's,10-03-2010,01-07-2010,Elementary School Teacher,1793
01-07-2010,Denied,H-1B,AUSTRALIA,14-04-2015,SOUTH WINDSOR,UNITED STATES OF AMERICA,WEBILENT TECHNOLOGY INC.,CONNECTICUT,INDIA,Master's,04-01-2010,04-04-2010,"Computer Software Engineers, Systems Software",1748
26-10-2010,Denied,H-1B,INDIA,14-10-2014,PLANO,UNITED STATES OF AMERICA,INFOSYS TECHNOLOGIES LIMITED,TEXAS,INDIA,Bachelor's,15-07-2009,01-07-2010,Computer Systems Analysts,1449
29-10-2010,Denied,H-1B,INDIA,14-10-2014,PLANO,UNITED STATES OF AMERICA,INFOSYS TECHNOLOGIES LIMITED,TEXAS,INDIA,Bachelor's,15-07-2009,01-07-2010,Computer Systems Analysts,1446
08-03-2011,Denied,H-1B,INDIA,14-04-2015,PLANO,UNITED STATES OF AMERICA,INFOSYS TECHNOLOGIES LIMITED,TEXAS,INDIA,Bachelor's,24-08-2010,30-06-2011,Computer Systems Analysts,1498
08-03-2011,Denied,H-1B,UNITED STATES OF AMERICA,14-04-2015,PLANO,UNITED STATES OF AMERICA,INFOSYS TECHNOLOGIES LIMITED,TEXAS,INDIA,Bachelor's,24-08-2010,30-06-2011,Computer Systems Analysts,1498
12-07-2011,Denied,H-1B,INDIA,22-01-2015,SAN DIEGO,UNITED STATES OF AMERICA,"QUALCOMM, INC.",CALIFORNIA,INDIA,Master's,16-08-2010,30-06-2011,"Computer Software Engineers, Systems Software",1290
26-10-2010,Denied,H-1B,INDIA,15-05-2015,PLANO,UNITED STATES OF AMERICA,INFOSYS TECHNOLOGIES LIMITED,TEXAS,INDIA,Bachelor's,15-07-2009,01-07-2010,Computer Systems Analysts,1662
29-10-2010,Denied,H-1B,INDIA,16-04-2015,PLANO,UNITED STATES OF AMERICA,INFOSYS TECHNOLOGIES LIMITED,TEXAS,INDIA,Bachelor's,15-07-2009,01-07-2010,Computer Systems Analysts,1630
18-05-2010,Denied,H-1B,INDIA,23-04-2015,PLANO,UNITED STATES OF AMERICA,INFOSYS TECHNOLOGIES LIMITED,TEXAS,INDIA,Bachelor's,15-07-2009,01-07-2010,Systems Analyst,1801
30-06-2010,Denied,H-1B,PHILIPPINES,28-05-2015,PRESIDIO,UNITED STATES OF AMERICA,PRESIDIO INDEPENDENT SCHOOL DISTRICT,TEXAS,PHILIPPINES,Bachelor's,10-03-2010,01-07-2010,Elementary School Teacher,1793
05-03-2015,Certified,H-1B,INDIA,29-09-2015,FREMONT,UNITED STATES OF AMERICA,"E-BASE TECHNOLOGIES, INC",CALIFORNIA,INDIA,Master's,22-01-2015,30-06-2015,Computer Systems Analysts,208
19-08-2010,Denied,H-1B,PHILIPPINES,14-04-2015,ST. THOMAS,UNITED STATES OF AMERICA,VI DEPARTMENT OF EDUCATION,VIRGIN ISLANDS,PHILIPPINES,Bachelor's,27-05-2010,25-08-2010,"Special Education Teachers, Secondary School",1699
19-08-2010,Denied,H-1B,PHILIPPINES,28-05-2015,ST. THOMAS,UNITED STATES OF AMERICA,VI DEPARTMENT OF EDUCATION,VIRGIN ISLANDS,PHILIPPINES,Bachelor's,27-05-2010,25-08-2010,"Special Education Teachers, Secondary School",1743
19-08-2010,Denied,H-1B,PHILIPPINES,28-05-2015,ST. THOMAS,UNITED STATES OF AMERICA,VI DEPARTMENT OF EDUCATION,VIRGIN ISLANDS,PHILIPPINES,Bachelor's,27-05-2010,25-08-2010,"Special Education Teachers, Secondary School",1743
19-08-2010,Denied,H-1B,PHILIPPINES,14-04-2015,ST. THOMAS,UNITED STATES OF AMERICA,VI DEPARTMENT OF EDUCATION,VIRGIN ISLANDS,PHILIPPINES,Bachelor's,27-05-2010,25-08-2010,"Special Education Teachers, Secondary School",1699
25-04-2013,Withdrawn,H-1B,TURKEY,12-01-2015,HOUSTON,UNITED STATES OF AMERICA,"FUGRO CONSULTANTS, INC.",TEXAS,TURKEY,Master's,28-12-2012,30-06-2013,Civil Engineers,627
19-08-2010,Denied,H-1B,PHILIPPINES,28-05-2015,ST. THOMAS,UNITED STATES OF AMERICA,VI DEPARTMENT OF EDUCATION,VIRGIN ISLANDS,PHILIPPINES,Bachelor's,27-05-2010,25-08-2010,"Special Education Teachers, Secondary School",1743
19-08-2010,Denied,H-1B,PHILIPPINES,29-05-2015,ST. THOMAS,UNITED STATES OF AMERICA,VI DEPARTMENT OF EDUCATION,VIRGIN ISLANDS,PHILIPPINES,Bachelor's,27-05-2010,25-08-2010,"Special Education Teachers, Secondary School",1744
13-02-2015,Certified,Not in USA,SOUTH KOREA,02-09-2015,MERIDEN,UNITED STATES OF AMERICA,"LEE-PARK ENTERPRISES, LLC DBA GREATREE",CONNECTICUT,SOUTH KOREA,Bachelor's,19-11-2014,30-06-2015,Survey Researchers,201
30-06-2010,Denied,H-1B,INDIA,14-04-2015,SOUTH WINDSOR,UNITED STATES OF AMERICA,WEBILENT TECHNOLOGY INC.,CONNECTICUT,INDIA,Master's,04-01-2010,04-04-2010,"Computer Software Engineers, Systems Software",1749
19-07-2010,Denied,H-1B,INDIA,14-04-2015,SOUTH WINDSOR,UNITED STATES OF AMERICA,WEBILENT TECHNOLOGY INC.,CONNECTICUT,INDIA,Master's,04-01-2010,04-04-2010,"Computer Software Engineers, Systems Software",1730
30-06-2010,Denied,H-1B,INDIA,14-04-2015,SOUTH WINDSOR,UNITED STATES OF AMERICA,WEBILENT TECHNOLOGY INC.,CONNECTICUT,INDIA,Master's,04-01-2010,04-04-2010,"Computer Software Engineers, Systems Software",1749
19-08-2010,Denied,H-1B,PHILIPPINES,28-05-2015,ST. THOMAS,UNITED STATES OF AMERICA,VI DEPARTMENT OF EDUCATION,VIRGIN ISLANDS,PHILIPPINES,Bachelor's,27-05-2010,25-08-2010,"Special Education Teachers, Elementary School",1743
26-07-2010,Denied,H-1B,MEXICO,27-05-2015,HOUSTON,UNITED STATES OF AMERICA,SPRING BRANCH INDEPENDENT SCHOOL DISTRICT,TEXAS,MEXICO,Bachelor's,17-12-2009,30-06-2010,"Elementary School Teachers, Except Special Education",1766
26-07-2010,Certified-Expired,H-1B,MEXICO,04-02-2015,HOUSTON,UNITED STATES OF AMERICA,SPRING BRANCH INDEPENDENT SCHOOL DISTRICT,TEXAS,MEXICO,Bachelor's,17-12-2009,30-06-2010,"Elementary School Teachers, Except Special Education",1654
18-04-2013,Certified-Expired,H-1B,INDIA,04-11-2014,DALLAS,UNITED STATES OF AMERICA,"AT&T, INC., AND ALL OF ITS SUBSIDIARIES AND AFFILIATES",TEXAS,INDIA,Master's,09-08-2012,30-06-2012,"Software Developers, Systems Software",565
19-08-2010,Denied,H-1B,PHILIPPINES,28-05-2015,ST. THOMAS,UNITED STATES OF AMERICA,VI DEPARTMENT OF EDUCATION,VIRGIN ISLANDS,PHILIPPINES,Bachelor's,27-05-2010,25-08-2010,"Special Education Teachers, Secondary School",1743
13-07-2010,Denied,E-2,UNITED KINGDOM,21-10-2014,HOUSTON,UNITED STATES OF AMERICA,"TURNER AND TOWNSEND, INC.",TEXAS,UNITED KINGDOM,High School,07-07-2010,06-07-2011,Engineering Manager,1561
09-08-2010,Denied,H-1B,INDIA,16-09-2015,FREMONT,UNITED STATES OF AMERICA,DGN TECHNOLOGIES INC.,CALIFORNIA,INDIA,Bachelor's,12-07-2010,01-07-2011,computer systems analyst,1864
17-09-2010,Denied,H-1B,TAIWAN,25-06-2015,WOONSOCKET,UNITED STATES OF AMERICA,"CVS RX SERVICES, INC",RHODE ISLAND,TAIWAN,Bachelor's,01-09-2010,02-07-2011,Pharmacist,1742
26-10-2010,Denied,H-1B,INDIA,15-10-2014,PLANO,UNITED STATES OF AMERICA,INFOSYS TECHNOLOGIES LIMITED,TEXAS,INDIA,Bachelor's,15-07-2009,01-07-2010,Computer Systems Analysts,1450
07-01-2011,Denied,H-1B,INDIA,16-09-2015,FREMONT,UNITED STATES OF AMERICA,DGN TECHNOLOGIES INC.,CALIFORNIA,INDIA,Bachelor's,12-07-2010,10-07-2011,computer and information systems manager,1713
29-10-2010,Denied,H-1B,INDIA,20-03-2015,PLANO,UNITED STATES OF AMERICA,INFOSYS TECHNOLOGIES LIMITED,TEXAS,INDIA,Bachelor's,15-07-2009,01-07-2010,Computer Systems Analysts,1603
29-10-2010,Denied,H-1B,INDIA,14-10-2014,PLANO,UNITED STATES OF AMERICA,INFOSYS TECHNOLOGIES LIMITED,TEXAS,INDIA,Bachelor's,15-07-2009,01-07-2010,Computer Systems Analysts,1446
29-10-2010,Denied,H-1B,INDIA,21-04-2015,PLANO,UNITED STATES OF AMERICA,INFOSYS TECHNOLOGIES LIMITED,TEXAS,INDIA,Bachelor's,15-07-2009,01-07-2010,Computer Systems Analysts,1635
30-10-2010,Denied,H-1B,UNITED STATES OF AMERICA,15-05-2015,PLANO,UNITED STATES OF AMERICA,INFOSYS TECHNOLOGIES LIMITED,TEXAS,INDIA,Bachelor's,15-07-2009,01-07-2010,Computer Systems Analysts,1658
30-10-2010,Denied,H-1B,INDIA,15-10-2014,PLANO,UNITED STATES OF AMERICA,INFOSYS TECHNOLOGIES LIMITED,TEXAS,INDIA,Bachelor's,15-07-2009,01-07-2010,Computer Systems Analysts,1446
27-10-2010,Denied,H-1B,INDIA,14-10-2014,PLANO,UNITED STATES OF AMERICA,INFOSYS TECHNOLOGIES LIMITED,TEXAS,INDIA,Bachelor's,15-07-2009,01-07-2010,Computer Systems Analysts,1448
27-10-2010,Denied,H-1B,INDIA,04-02-2015,PLANO,UNITED STATES OF AMERICA,INFOSYS TECHNOLOGIES LIMITED,TEXAS,INDIA,Bachelor's,15-07-2009,01-07-2010,Computer Systems Analysts,1561
12-06-2014,Certified-Expired,H-1B,INDIA,28-10-2014,SAN RAMON,UNITED STATES OF AMERICA,TEKFORCE-IT CORPORATION,CALIFORNIA,INDIA,Bachelor's,07-04-2014,06-07-2014,Programmer Analyst I,138
27-10-2010,Denied,H-1B,INDIA,15-05-2015,PLANO,UNITED STATES OF AMERICA,INFOSYS TECHNOLOGIES LIMITED,TEXAS,INDIA,Bachelor's,15-07-2009,01-07-2010,Computer Systems Analysts,1661
29-10-2010,Denied,H-1B,INDIA,15-05-2015,PLANO,UNITED STATES OF AMERICA,INFOSYS TECHNOLOGIES LIMITED,TEXAS,INDIA,Bachelor's,15-07-2009,01-07-2010,Computer Systems Analysts,1659
29-10-2010,Denied,H-1B,INDIA,03-12-2014,PLANO,UNITED STATES OF AMERICA,INFOSYS TECHNOLOGIES LIMITED,TEXAS,INDIA,Bachelor's,15-07-2009,01-07-2010,Computer Systems Analysts,1496
29-10-2010,Denied,H-1B,INDIA,04-02-2015,PLANO,UNITED STATES OF AMERICA,INFOSYS TECHNOLOGIES LIMITED,TEXAS,INDIA,Bachelor's,15-07-2009,01-07-2010,Computer Systems Analysts,1559
27-10-2010,Denied,H-1B,INDIA,15-10-2014,PLANO,UNITED STATES OF AMERICA,INFOSYS TECHNOLOGIES LIMITED,TEXAS,INDIA,Bachelor's,15-07-2009,01-07-2010,Computer Systems Analysts,1449
28-10-2010,Denied,H-1B,INDIA,14-10-2014,PLANO,UNITED STATES OF AMERICA,INFOSYS TECHNOLOGIES LIMITED,TEXAS,INDIA,Bachelor's,15-07-2009,01-07-2010,Computer Systems Analysts,1447
26-10-2010,Denied,H-1B,INDIA,14-10-2014,PLANO,UNITED STATES OF AMERICA,INFOSYS TECHNOLOGIES LIMITED,TEXAS,INDIA,Bachelor's,15-07-2009,01-07-2010,Computer Systems Analysts,1449
29-10-2010,Denied,H-1B,INDIA,13-01-2015,PLANO,UNITED STATES OF AMERICA,INFOSYS TECHNOLOGIES LIMITED,TEXAS,INDIA,Bachelor's,15-07-2009,01-07-2010,Computer Systems Analysts,1537
29-10-2010,Denied,H-1B,INDIA,15-05-2015,PLANO,UNITED STATES OF AMERICA,INFOSYS TECHNOLOGIES LIMITED,TEXAS,INDIA,Bachelor's,15-07-2009,01-07-2010,Computer Systems Analysts,1659
29-10-2010,Denied,H-1B,INDIA,14-10-2014,PLANO,UNITED STATES OF AMERICA,INFOSYS TECHNOLOGIES LIMITED,TEXAS,INDIA,Bachelor's,15-07-2009,01-07-2010,Computer Systems Analysts,1446
29-10-2010,Denied,H-1B,INDIA,04-02-2015,PLANO,UNITED STATES OF AMERICA,INFOSYS TECHNOLOGIES LIMITED,TEXAS,INDIA,Bachelor's,15-07-2009,01-07-2010,Computer Systems Analysts,1559
29-10-2010,Denied,H-1B,INDIA,18-03-2015,PLANO,UNITED STATES OF AMERICA,INFOSYS TECHNOLOGIES LIMITED,TEXAS,INDIA,Bachelor's,15-07-2009,01-07-2010,Computer Systems Analysts,1601
29-10-2010,Denied,H-1B,INDIA,04-02-2015,PLANO,UNITED STATES OF AMERICA,INFOSYS TECHNOLOGIES LIMITED,TEXAS,INDIA,Bachelor's,15-07-2009,01-07-2010,Computer Systems Analysts,1559
28-10-2010,Denied,H-1B,INDIA,14-10-2014,PLANO,UNITED STATES OF AMERICA,INFOSYS TECHNOLOGIES LIMITED,TEXAS,INDIA,Bachelor's,15-07-2009,01-07-2010,Computer Systems Analysts,1447
28-10-2010,Denied,H-1B,INDIA,25-03-2015,PLANO,UNITED STATES OF AMERICA,INFOSYS TECHNOLOGIES LIMITED,TEXAS,INDIA,Bachelor's,15-07-2009,01-07-2010,Computer Systems Analysts,1609
26-10-2010,Denied,H-1B,INDIA,13-01-2015,PLANO,UNITED STATES OF AMERICA,INFOSYS TECHNOLOGIES LIMITED,TEXAS,INDIA,Bachelor's,15-07-2009,01-07-2010,Computer Systems Analysts,1540
28-10-2010,Denied,H-1B,INDIA,15-05-2015,PLANO,UNITED STATES OF AMERICA,INFOSYS TECHNOLOGIES LIMITED,TEXAS,INDIA,Bachelor's,15-07-2009,01-07-2010,Computer Systems Analysts,1660
28-10-2010,Denied,H-1B,INDIA,27-05-2015,PLANO,UNITED STATES OF AMERICA,INFOSYS TECHNOLOGIES LIMITED,TEXAS,INDIA,Bachelor's,15-07-2009,01-07-2010,Computer Systems Analysts,1672
28-10-2010,Denied,H-1B,INDIA,20-04-2015,PLANO,UNITED STATES OF AMERICA,INFOSYS TECHNOLOGIES LIMITED,TEXAS,INDIA,Bachelor's,15-07-2009,01-07-2010,Computer Systems Analysts,1635
12-06-2014,Certified-Expired,H-1B,INDIA,28-10-2014,SAN RAMON,UNITED STATES OF AMERICA,TEKFORCE-IT CORPORATION,CALIFORNIA,INDIA,Master's,07-04-2014,06-07-2014,Programmer Analyst II,138
25-06-2014,Certified-Expired,H-1B,LEBANON,13-11-2014,NORMAN,UNITED STATES OF AMERICA,THE UNIVERSITY OF OKLAHOMA,OKLAHOMA,LEBANON,Doctorate,18-11-2013,30-06-2014,"Engineering Teachers, Postsecondary",141
29-05-2014,Certified,H-1B,INDIA,20-08-2015,BRIDGEWATER,UNITED STATES OF AMERICA,ACTIVE ENTERPRISE SOLUTIOSN LLC,NEW JERSEY,INDIA,Master's,21-11-2013,30-06-2014,Software Application Developer / Analyst,448
11-03-2011,Denied,H-1B,INDIA,23-04-2015,PLANO,UNITED STATES OF AMERICA,INFOSYS TECHNOLOGIES LIMITED,TEXAS,INDIA,Bachelor's,03-12-2010,30-06-2011,Computer Systems Analysts,1504
11-03-2011,Denied,H-1B,INDIA,20-03-2015,PLANO,UNITED STATES OF AMERICA,INFOSYS TECHNOLOGIES LIMITED,TEXAS,INDIA,Bachelor's,24-08-2010,30-06-2011,Computer Systems Analysts,1470
11-03-2011,Denied,H-1B,INDIA,27-04-2015,PLANO,UNITED STATES OF AMERICA,INFOSYS TECHNOLOGIES LIMITED,TEXAS,INDIA,Bachelor's,24-08-2010,30-06-2011,Computer Systems Analysts,1508
11-03-2011,Denied,H-1B,FRANCE,20-05-2015,LOS ANGELES,UNITED STATES OF AMERICA,CAMDEN ASSET MANAGEMENT L.P.,CALIFORNIA,IRAN,Master's,07-10-2010,03-07-2011,Financial Analysts,1531
09-03-2011,Denied,H-1B,INDIA,05-06-2015,PLANO,UNITED STATES OF AMERICA,INFOSYS TECHNOLOGIES LIMITED,TEXAS,INDIA,Bachelor's,24-08-2010,30-06-2011,Computer Systems Analysts,1549
08-03-2011,Denied,H-1B,INDIA,17-03-2015,PLANO,UNITED STATES OF AMERICA,INFOSYS TECHNOLOGIES LIMITED,TEXAS,INDIA,Bachelor's,03-12-2010,30-06-2011,Computer Systems Analysts,1470
28-03-2011,Denied,Parolee,INDIA,15-05-2015,HERNDON,UNITED STATES OF AMERICA,SOFTWARE CATALYSTS LLC,VIRGINIA,INDIA,Master's,26-11-2010,30-06-2011,MANAGEMENT ANALYST,1509
08-03-2011,Denied,H-1B,INDIA,17-04-2015,PLANO,UNITED STATES OF AMERICA,INFOSYS TECHNOLOGIES LIMITED,TEXAS,INDIA,Bachelor's,24-08-2010,30-06-2011,Computer Systems Analysts,1501
08-03-2011,Denied,H-1B,INDIA,21-05-2015,PLANO,UNITED STATES OF AMERICA,INFOSYS TECHNOLOGIES LIMITED,TEXAS,INDIA,Bachelor's,24-08-2010,30-06-2011,Computer Systems Analysts,1535
14-03-2011,Denied,H-1B,INDIA,27-04-2015,PLANO,UNITED STATES OF AMERICA,INFOSYS TECHNOLOGIES LIMITED,TEXAS,INDIA,Bachelor's,24-08-2010,30-06-2011,Computer Systems Analysts,1505
04-02-2011,Denied,H-1B,CHINA,15-05-2015,PLANO,UNITED STATES OF AMERICA,NATURAL POLYMER INTERNATIONAL CORPORATION,TEXAS,CHINA,Bachelor's,21-12-2010,30-06-2011,Staff Engineer,1561
08-02-2011,Denied,H-1B,INDIA,14-04-2015,SOUTH WINDSOR,UNITED STATES OF AMERICA,WEBILENT TECHNOLOGY INC.,CONNECTICUT,INDIA,Master's,25-10-2010,03-07-2011,"Computer Software Engineers, Applications",1526
07-03-2011,Denied,H-1B,INDIA,05-03-2015,WOODLAND,UNITED STATES OF AMERICA,THE MORNING STAR COMPANY,CALIFORNIA,INDIA,Master's,02-12-2010,30-06-2011,Food Scientists and Technologists,1459
05-04-2011,Denied,H-1B,KENYA,15-01-2015,HERNDON,UNITED STATES OF AMERICA,SOFTWARE CATALYSTS LLC,VIRGINIA,KENYA,Master's,26-11-2010,30-06-2011,MANAGEMENT ANALYST,1381
08-02-2011,Denied,H-1B,INDIA,14-04-2015,SOUTH WINDSOR,UNITED STATES OF AMERICA,WEBILENT TECHNOLOGY INC.,CONNECTICUT,INDIA,Master's,25-10-2010,03-07-2011,"Computer Software Engineers, Applications",1526
20-01-2011,Denied,H-1B,INDIA,22-01-2015,NEW YORK,UNITED STATES OF AMERICA,BRISTOL MYERS SQUIBB COMPANY,NEW YORK,INDIA,Bachelor's,05-08-2010,03-07-2011,Computer Systems Analysts,1463
29-10-2010,Denied,H-1B,INDIA,03-12-2014,PLANO,UNITED STATES OF AMERICA,INFOSYS TECHNOLOGIES LIMITED,TEXAS,INDIA,Bachelor's,15-07-2009,01-07-2010,Computer Systems Analysts,1496
29-10-2010,Denied,H-1B,INDIA,15-05-2015,PLANO,UNITED STATES OF AMERICA,INFOSYS TECHNOLOGIES LIMITED,TEXAS,INDIA,Bachelor's,15-07-2009,01-07-2010,Computer Systems Analysts,1659
13-08-2013,Denied,H-1B,BULGARIA,04-08-2015,HOUSTON,UNITED STATES OF AMERICA,"WAYNE ELECTRIC, INC.",TEXAS,BULGARIA,High School,05-04-2013,04-07-2013,Electricians,721
04-04-2011,Denied,H-1B,INDIA,17-04-2015,PLANO,UNITED STATES OF AMERICA,INFOSYS TECHNOLOGIES LIMITED,TEXAS,INDIA,Bachelor's,24-08-2010,30-06-2011,Computer Systems Analysts,1474
29-10-2010,Denied,H-1B,INDIA,14-10-2014,PLANO,UNITED STATES OF AMERICA,INFOSYS TECHNOLOGIES LIMITED,TEXAS,INDIA,Bachelor's,15-07-2009,01-07-2010,Computer Systems Analysts,1446
27-10-2010,Denied,H-1B,INDIA,13-01-2015,PLANO,UNITED STATES OF AMERICA,INFOSYS TECHNOLOGIES LIMITED,TEXAS,INDIA,Bachelor's,15-07-2009,01-07-2010,Computer Systems Analysts,1539
27-10-2010,Denied,H-1B,INDIA,16-04-2015,PLANO,UNITED STATES OF AMERICA,INFOSYS TECHNOLOGIES LIMITED,TEXAS,INDIA,Bachelor's,15-07-2009,01-07-2010,Computer Systems Analysts,1632
29-10-2010,Denied,H-1B,INDIA,14-10-2014,PLANO,UNITED STATES OF AMERICA,INFOSYS TECHNOLOGIES LIMITED,TEXAS,INDIA,Bachelor's,15-07-2009,01-07-2010,Computer Systems Analysts,1446
29-06-2011,Denied,H-1B,MEXICO,11-08-2015,ATHENS,UNITED STATES OF AMERICA,ATHENS INDEPENDENT SCHOOL DISTRICT,TEXAS,MEXICO,Bachelor's,28-02-2011,30-06-2011,Elementary Bilingual Teacher,1504
28-10-2010,Denied,H-1B,INDIA,15-05-2015,PLANO,UNITED STATES OF AMERICA,INFOSYS TECHNOLOGIES LIMITED,TEXAS,INDIA,Bachelor's,15-07-2009,01-07-2010,Computer Systems Analysts,1660
30-10-2010,Denied,H-1B,INDIA,13-04-2015,PLANO,UNITED STATES OF AMERICA,INFOSYS TECHNOLOGIES LIMITED,TEXAS,INDIA,Bachelor's,15-07-2009,01-07-2010,Computer Systems Analysts,1626
27-10-2010,Denied,H-1B,INDIA,14-10-2014,PLANO,UNITED STATES OF AMERICA,INFOSYS TECHNOLOGIES LIMITED,TEXAS,INDIA,Bachelor's,15-07-2009,01-07-2010,Computer Systems Analysts,1448
03-02-2011,Denied,H-1B,INDIA,16-10-2014,BRIDGEPORT,UNITED STATES OF AMERICA,"HANCOCK PHARMACY II, LLC",CONNECTICUT,INDIA,Master's,02-09-2010,30-06-2011,Pharmacists,1351
27-10-2010,Denied,H-1B,INDIA,21-05-2015,PLANO,UNITED STATES OF AMERICA,INFOSYS TECHNOLOGIES LIMITED,TEXAS,INDIA,Bachelor's,15-07-2009,01-07-2010,Computer Systems Analysts,1667
29-10-2010,Denied,H-1B,INDIA,15-10-2014,PLANO,UNITED STATES OF AMERICA,INFOSYS TECHNOLOGIES LIMITED,TEXAS,INDIA,Bachelor's,15-07-2009,01-07-2010,Computer Systems Analysts,1447
28-10-2010,Denied,H-1B,INDIA,05-06-2015,PLANO,UNITED STATES OF AMERICA,INFOSYS TECHNOLOGIES LIMITED,TEXAS,INDIA,Bachelor's,15-07-2009,01-07-2010,Computer Systems Analysts,1681
29-10-2010,Denied,H-1B,INDIA,15-05-2015,PLANO,UNITED STATES OF AMERICA,INFOSYS TECHNOLOGIES LIMITED,TEXAS,INDIA,Bachelor's,15-07-2009,01-07-2010,Computer Systems Analysts,1659
30-10-2010,Denied,H-1B,INDIA,14-10-2014,PLANO,UNITED STATES OF AMERICA,INFOSYS TECHNOLOGIES LIMITED,TEXAS,INDIA,Bachelor's,15-07-2009,01-07-2010,Computer Systems Analysts,1445
29-10-2010,Denied,H-1B,INDIA,15-10-2014,PLANO,UNITED STATES OF AMERICA,INFOSYS TECHNOLOGIES LIMITED,TEXAS,INDIA,Bachelor's,15-07-2009,01-07-2010,Computer Systems Analysts,1447
29-10-2010,Denied,H-1B,INDIA,21-04-2015,PLANO,UNITED STATES OF AMERICA,INFOSYS TECHNOLOGIES LIMITED,TEXAS,INDIA,Bachelor's,15-07-2009,01-07-2010,Computer Systems Analysts,1635
29-10-2010,Denied,H-1B,INDIA,13-01-2015,PLANO,UNITED STATES OF AMERICA,INFOSYS TECHNOLOGIES LIMITED,TEXAS,INDIA,Bachelor's,15-07-2009,01-07-2010,Computer Systems Analysts,1537
29-10-2010,Denied,H-1B,INDIA,15-10-2014,PLANO,UNITED STATES OF AMERICA,INFOSYS TECHNOLOGIES LIMITED,TEXAS,INDIA,Bachelor's,15-07-2009,01-07-2010,Computer Systems Analysts,1447
29-10-2010,Denied,H-1B,INDIA,15-10-2014,PLANO,UNITED STATES OF AMERICA,INFOSYS TECHNOLOGIES LIMITED,TEXAS,INDIA,Bachelor's,15-07-2009,01-07-2010,Computer Systems Analysts,1447
27-10-2010,Denied,H-1B,INDIA,15-10-2014,PLANO,UNITED STATES OF AMERICA,INFOSYS TECHNOLOGIES LIMITED,TEXAS,INDIA,Bachelor's,15-07-2009,01-07-2010,Computer Systems Analysts,1449
27-10-2010,Denied,H-1B,INDIA,15-10-2014,PLANO,UNITED STATES OF AMERICA,INFOSYS TECHNOLOGIES LIMITED,TEXAS,INDIA,Bachelor's,15-07-2009,01-07-2010,Computer Systems Analysts,1449
29-10-2010,Denied,H-1B,INDIA,15-05-2015,PLANO,UNITED STATES OF AMERICA,INFOSYS TECHNOLOGIES LIMITED,TEXAS,INDIA,Bachelor's,15-07-2009,01-07-2010,Computer Systems Analysts,1659
28-10-2010,Denied,H-1B,INDIA,15-10-2014,PLANO,UNITED STATES OF AMERICA,INFOSYS TECHNOLOGIES LIMITED,TEXAS,INDIA,Bachelor's,15-07-2009,01-07-2010,Computer Systems Analysts,1448
28-10-2010,Denied,H-1B,INDIA,16-04-2015,PLANO,UNITED STATES OF AMERICA,INFOSYS TECHNOLOGIES LIMITED,TEXAS,INDIA,Bachelor's,15-07-2009,01-07-2010,Computer Systems Analysts,1631
29-10-2010,Denied,H-1B,INDIA,15-05-2015,PLANO,UNITED STATES OF AMERICA,INFOSYS TECHNOLOGIES LIMITED,TEXAS,INDIA,Bachelor's,15-07-2009,01-07-2010,Computer Systems Analysts,1659
27-10-2010,Denied,H-1B,INDIA,15-10-2014,PLANO,UNITED STATES OF AMERICA,INFOSYS TECHNOLOGIES LIMITED,TEXAS,INDIA,Bachelor's,15-07-2009,01-07-2010,Computer Systems Analysts,1449
27-10-2010,Denied,H-1B,INDIA,24-03-2015,PLANO,UNITED STATES OF AMERICA,INFOSYS TECHNOLOGIES LIMITED,TEXAS,INDIA,Bachelor's,15-07-2009,01-07-2010,Computer Systems Analysts,1609
28-10-2010,Denied,H-1B,INDIA,17-03-2015,PLANO,UNITED STATES OF AMERICA,INFOSYS TECHNOLOGIES LIMITED,TEXAS,INDIA,Bachelor's,15-07-2009,01-07-2010,Computer Systems Analysts,1601
29-10-2010,Denied,H-1B,INDIA,16-04-2015,PLANO,UNITED STATES OF AMERICA,INFOSYS TECHNOLOGIES LIMITED,TEXAS,INDIA,Bachelor's,15-07-2009,01-07-2010,Computer Systems Analysts,1630
28-10-2010,Denied,H-1B,INDIA,16-04-2015,PLANO,UNITED STATES OF AMERICA,INFOSYS TECHNOLOGIES LIMITED,TEXAS,INDIA,Bachelor's,15-07-2009,01-07-2010,Computer Systems Analysts,1631
29-10-2010,Denied,H-1B,INDIA,14-10-2014,PLANO,UNITED STATES OF AMERICA,INFOSYS TECHNOLOGIES LIMITED,TEXAS,INDIA,Bachelor's,15-07-2009,01-07-2010,Computer Systems Analysts,1446
28-10-2010,Denied,H-1B,INDIA,16-04-2015,PLANO,UNITED STATES OF AMERICA,INFOSYS TECHNOLOGIES LIMITED,TEXAS,INDIA,Bachelor's,15-07-2009,01-07-2010,Computer Systems Analysts,1631
28-10-2010,Denied,H-1B,INDIA,14-10-2014,PLANO,UNITED STATES OF AMERICA,INFOSYS TECHNOLOGIES LIMITED,TEXAS,INDIA,Bachelor's,15-07-2009,01-07-2010,Computer Systems Analysts,1447
17-03-2011,Denied,H-1B,INDIA,21-05-2015,PLANO,UNITED STATES OF AMERICA,INFOSYS TECHNOLOGIES LIMITED,TEXAS,INDIA,Bachelor's,24-08-2010,30-06-2011,Computer Systems Analysts,1526
06-06-2011,Denied,H-1B,INDIA,27-03-2015,PLANO,UNITED STATES OF AMERICA,INFOSYS TECHNOLOGIES LIMITED,TEXAS,INDIA,Bachelor's,24-08-2010,30-06-2011,Computer Systems Analysts,1390
26-05-2011,Denied,H-1B,INDIA,23-04-2015,PLANO,UNITED STATES OF AMERICA,INFOSYS TECHNOLOGIES LIMITED,TEXAS,INDIA,Bachelor's,24-08-2010,30-06-2011,Computer Systems Analysts,1428
04-06-2011,Denied,H-1B,INDIA,13-04-2015,PLANO,UNITED STATES OF AMERICA,INFOSYS TECHNOLOGIES LIMITED,TEXAS,INDIA,Bachelor's,24-08-2010,30-06-2011,Computer Systems Analysts,1409
14-11-2014,Certified,H-1B,INDIA,21-04-2015,CATONSVILLE,UNITED STATES OF AMERICA,UNIFY SOLUTIONS INC,MARYLAND,INDIA,Master's,14-08-2014,30-06-2015,"S/Ware Developers, Applications",158
06-06-2011,Denied,L-1,INDIA,13-04-2015,PLANO,UNITED STATES OF AMERICA,INFOSYS TECHNOLOGIES LIMITED,TEXAS,INDIA,Bachelor's,03-12-2010,30-06-2011,Computer Systems Analysts,1407
27-10-2010,Denied,H-1B,INDIA,15-10-2014,PLANO,UNITED STATES OF AMERICA,INFOSYS TECHNOLOGIES LIMITED,TEXAS,UNITED ARAB EMIRATES,Bachelor's,15-07-2009,01-07-2010,Computer Systems Analysts,1449
27-10-2010,Denied,H-1B,INDIA,14-10-2014,PLANO,UNITED STATES OF AMERICA,INFOSYS TECHNOLOGIES LIMITED,TEXAS,INDIA,Bachelor's,15-07-2009,01-07-2010,Computer Systems Analysts,1448
29-10-2010,Denied,H-1B,INDIA,14-10-2014,PLANO,UNITED STATES OF AMERICA,INFOSYS TECHNOLOGIES LIMITED,TEXAS,INDIA,Bachelor's,15-07-2009,01-07-2010,Computer Systems Analysts,1446
29-10-2010,Denied,H-1B,INDIA,16-04-2015,PLANO,UNITED STATES OF AMERICA,INFOSYS TECHNOLOGIES LIMITED,TEXAS,INDIA,Bachelor's,15-07-2009,01-07-2010,Computer Systems Analysts,1630
26-10-2010,Denied,H-1B,INDIA,14-10-2014,PLANO,UNITED STATES OF AMERICA,INFOSYS TECHNOLOGIES LIMITED,TEXAS,INDIA,Bachelor's,15-07-2009,01-07-2010,Computer Systems Analysts,1449
27-10-2010,Denied,H-1B,INDIA,15-10-2014,PLANO,UNITED STATES OF AMERICA,INFOSYS TECHNOLOGIES LIMITED,TEXAS,INDIA,Bachelor's,15-07-2009,01-07-2010,Computer Systems Analysts,1449
25-10-2010,Denied,H-1B,INDIA,15-10-2014,PLANO,UNITED STATES OF AMERICA,INFOSYS TECHNOLOGIES LIMITED,TEXAS,INDIA,Bachelor's,15-07-2009,01-07-2010,Computer Systems Analysts,1451
26-10-2010,Denied,H-1B,INDIA,14-10-2014,PLANO,UNITED STATES OF AMERICA,INFOSYS TECHNOLOGIES LIMITED,TEXAS,INDIA,Bachelor's,15-07-2009,01-07-2010,Computer Systems Analysts,1449
29-10-2010,Denied,H-1B,INDIA,21-04-2015,PLANO,UNITED STATES OF AMERICA,INFOSYS TECHNOLOGIES LIMITED,TEXAS,INDIA,Bachelor's,15-07-2009,01-07-2010,Computer Systems Analysts,1635
29-10-2010,Denied,H-1B,INDIA,15-10-2014,PLANO,UNITED STATES OF AMERICA,INFOSYS TECHNOLOGIES LIMITED,TEXAS,INDIA,Bachelor's,15-07-2009,01-07-2010,Computer Systems Analysts,1447
28-10-2010,Denied,H-1B,INDIA,15-05-2015,PLANO,UNITED STATES OF AMERICA,INFOSYS TECHNOLOGIES LIMITED,TEXAS,INDIA,Bachelor's,15-07-2009,01-07-2010,Computer Systems Analysts,1660
29-10-2010,Denied,H-1B,INDIA,15-10-2014,PLANO,UNITED STATES OF AMERICA,INFOSYS TECHNOLOGIES LIMITED,TEXAS,INDIA,Bachelor's,15-07-2009,01-07-2010,Computer Systems Analysts,1447
29-10-2010,Denied,H-1B,INDIA,15-10-2014,PLANO,UNITED STATES OF AMERICA,INFOSYS TECHNOLOGIES LIMITED,TEXAS,INDIA,Bachelor's,15-07-2009,01-07-2010,Computer Systems Analysts,1447
29-10-2010,Denied,H-1B,INDIA,15-06-2015,PLANO,UNITED STATES OF AMERICA,INFOSYS TECHNOLOGIES LIMITED,TEXAS,INDIA,Bachelor's,15-07-2009,01-07-2010,Computer Systems Analysts,1690
29-10-2010,Certified,H-1B,INDIA,29-05-2015,PLANO,UNITED STATES OF AMERICA,INFOSYS TECHNOLOGIES LIMITED,TEXAS,INDIA,Bachelor's,15-07-2009,01-07-2010,Computer Systems Analysts,1673
28-10-2010,Denied,L-1,INDIA,15-05-2015,PLANO,UNITED STATES OF AMERICA,INFOSYS TECHNOLOGIES LIMITED,TEXAS,INDIA,Bachelor's,15-07-2009,01-07-2010,Computer Systems Analysts,1660
28-10-2010,Denied,H-1B,INDIA,15-05-2015,PLANO,UNITED STATES OF AMERICA,INFOSYS TECHNOLOGIES LIMITED,TEXAS,INDIA,Bachelor's,15-07-2009,01-07-2010,Computer Systems Analysts,1660
29-10-2010,Denied,H-1B,INDIA,15-10-2014,PLANO,UNITED STATES OF AMERICA,INFOSYS TECHNOLOGIES LIMITED,TEXAS,INDIA,Bachelor's,15-07-2009,01-07-2010,Computer Systems Analysts,1447
27-10-2010,Denied,H-1B,INDIA,14-10-2014,PLANO,UNITED STATES OF AMERICA,INFOSYS TECHNOLOGIES LIMITED,TEXAS,INDIA,Bachelor's,15-07-2009,01-07-2010,Computer Systems Analysts,1448
28-10-2010,Denied,H-1B,INDIA,15-10-2014,PLANO,UNITED STATES OF AMERICA,INFOSYS TECHNOLOGIES LIMITED,TEXAS,INDIA,Bachelor's,15-07-2009,01-07-2010,Computer Systems Analysts,1448
28-10-2010,Denied,H-1B,INDIA,15-05-2015,PLANO,UNITED STATES OF AMERICA,INFOSYS TECHNOLOGIES LIMITED,TEXAS,INDIA,Bachelor's,15-07-2009,01-07-2010,Computer Systems Analysts,1660
19-01-2012,Denied,H-1B,NEPAL,25-06-2015,TAMPA,UNITED STATES OF AMERICA,THE FOUNTAIN GROUP,FLORIDA,NEPAL,Master's,06-01-2012,30-06-2012,System Analyst,1253
29-10-2010,Denied,H-1B,INDIA,15-05-2015,PLANO,UNITED STATES OF AMERICA,INFOSYS TECHNOLOGIES LIMITED,TEXAS,INDIA,Bachelor's,15-07-2009,01-07-2010,Computer Systems Analysts,1659
30-10-2010,Denied,H-1B,INDIA,21-04-2015,PLANO,UNITED STATES OF AMERICA,INFOSYS TECHNOLOGIES LIMITED,TEXAS,INDIA,Bachelor's,15-07-2009,01-07-2010,Computer Systems Analysts,1634
30-10-2010,Denied,H-1B,INDIA,14-10-2014,PLANO,UNITED STATES OF AMERICA,INFOSYS TECHNOLOGIES LIMITED,TEXAS,INDIA,Bachelor's,15-07-2009,01-07-2010,Computer Systems Analysts,1445
09-12-2011,Denied,H-1B,INDIA,20-05-2015,DALLAS,UNITED STATES OF AMERICA,"AT&T, INC., AND ALL OF ITS SUBSIDIARIES AND AFFILIATES",TEXAS,INDIA,Bachelor's,19-05-2011,17-08-2011,Network Systems & Data Communications Analysts,1258
27-10-2010,Denied,H-1B,INDIA,15-10-2014,PLANO,UNITED STATES OF AMERICA,INFOSYS TECHNOLOGIES LIMITED,TEXAS,INDIA,Bachelor's,15-07-2009,01-07-2010,Computer Systems Analysts,1449
29-10-2010,Denied,H-1B,INDIA,15-05-2015,PLANO,UNITED STATES OF AMERICA,INFOSYS TECHNOLOGIES LIMITED,TEXAS,INDIA,Bachelor's,15-07-2009,01-07-2010,Computer Systems Analysts,1659
29-10-2010,Denied,H-1B,INDIA,15-05-2015,PLANO,UNITED STATES OF AMERICA,INFOSYS TECHNOLOGIES LIMITED,TEXAS,INDIA,Bachelor's,15-07-2009,01-07-2010,Computer Systems Analysts,1659
29-10-2010,Denied,H-1B,INDIA,16-04-2015,PLANO,UNITED STATES OF AMERICA,INFOSYS TECHNOLOGIES LIMITED,TEXAS,INDIA,Bachelor's,15-07-2009,01-07-2010,Computer Systems Analysts,1630
28-10-2010,Denied,H-1B,INDIA,15-05-2015,PLANO,UNITED STATES OF AMERICA,INFOSYS TECHNOLOGIES LIMITED,TEXAS,INDIA,Bachelor's,15-07-2009,01-07-2010,Computer Systems Analysts,1660
27-10-2010,Denied,H-1B,INDIA,15-10-2014,PLANO,UNITED STATES OF AMERICA,INFOSYS TECHNOLOGIES LIMITED,TEXAS,INDIA,Bachelor's,15-07-2009,01-07-2010,Computer Systems Analysts,1449
27-10-2010,Denied,H-1B,INDIA,15-10-2014,PLANO,UNITED STATES OF AMERICA,INFOSYS TECHNOLOGIES LIMITED,TEXAS,INDIA,Bachelor's,15-07-2009,01-07-2010,Computer Systems Analysts,1449
28-10-2010,Denied,H-1B,INDIA,15-05-2015,PLANO,UNITED STATES OF AMERICA,INFOSYS TECHNOLOGIES LIMITED,TEXAS,INDIA,Bachelor's,15-07-2009,01-07-2010,Computer Systems Analysts,1660
30-10-2010,Denied,H-1B,INDIA,21-04-2015,PLANO,UNITED STATES OF AMERICA,INFOSYS TECHNOLOGIES LIMITED,TEXAS,INDIA,Bachelor's,15-07-2009,01-07-2010,Computer Systems Analysts,1634
29-10-2010,Denied,H-1B,INDIA,15-05-2015,PLANO,UNITED STATES OF AMERICA,INFOSYS TECHNOLOGIES LIMITED,TEXAS,INDIA,Bachelor's,15-07-2009,01-07-2010,Computer Systems Analysts,1659
06-06-2011,Denied,H-1B,INDIA,13-04-2015,PLANO,UNITED STATES OF AMERICA,INFOSYS TECHNOLOGIES LIMITED,TEXAS,INDIA,Bachelor's,24-08-2010,30-06-2011,Computer Systems Analysts,1407
06-06-2011,Denied,H-1B,INDIA,20-03-2015,PLANO,UNITED STATES OF AMERICA,INFOSYS TECHNOLOGIES LIMITED,TEXAS,INDIA,Bachelor's,24-08-2010,30-06-2011,Computer Systems Analysts,1383
04-06-2011,Denied,H-1B,INDIA,18-03-2015,PLANO,UNITED STATES OF AMERICA,INFOSYS TECHNOLOGIES LIMITED,TEXAS,INDIA,Bachelor's,24-08-2010,30-06-2011,Computer Systems Analysts,1383
04-06-2011,Denied,H-1B,INDIA,03-04-2015,PLANO,UNITED STATES OF AMERICA,INFOSYS TECHNOLOGIES LIMITED,TEXAS,INDIA,Bachelor's,24-08-2010,30-06-2011,Computer Systems Analysts,1399
29-10-2010,Denied,H-1B,INDIA,15-10-2014,PLANO,UNITED STATES OF AMERICA,INFOSYS TECHNOLOGIES LIMITED,TEXAS,INDIA,Bachelor's,15-07-2009,01-07-2010,Computer Systems Analysts,1447
30-03-2012,Certified-Expired,H-1B,INDIA,02-04-2015,NEW YORK,UNITED STATES OF AMERICA,"GOLDMAN, SACHS & CO.",NEW YORK,INDIA,Bachelor's,18-01-2012,30-06-2012,FINANCIAL ANALYSTS,1098
06-01-2011,Denied,H-1B,INDIA,15-10-2014,SAN JOSE,UNITED STATES OF AMERICA,"CISCO SYSTEMS, INC.",CALIFORNIA,INDIA,Master's,01-12-2010,30-06-2011,"Computer Software Engineers, Systems Software",1378
04-04-2011,Denied,H-1B,INDIA,13-04-2015,PLANO,UNITED STATES OF AMERICA,INFOSYS TECHNOLOGIES LIMITED,TEXAS,INDIA,Bachelor's,03-12-2010,30-06-2011,Computer Systems Analysts,1470
31-03-2011,Denied,H-1B,INDIA,06-05-2015,PLANO,UNITED STATES OF AMERICA,INFOSYS TECHNOLOGIES LIMITED,TEXAS,INDIA,Bachelor's,24-08-2010,30-06-2011,Computer Systems Analysts,1497
15-04-2011,Denied,H-1B,INDIA,13-04-2015,PLANO,UNITED STATES OF AMERICA,INFOSYS TECHNOLOGIES LIMITED,TEXAS,INDIA,Bachelor's,24-08-2010,30-06-2011,Computer Systems Analysts,1459
15-04-2011,Denied,H-1B,INDIA,14-04-2015,PLANO,UNITED STATES OF AMERICA,INFOSYS TECHNOLOGIES LIMITED,TEXAS,INDIA,Bachelor's,24-08-2010,30-06-2011,Computer Systems Analysts,1460
04-04-2011,Denied,H-1B,INDIA,25-03-2015,PLANO,UNITED STATES OF AMERICA,INFOSYS TECHNOLOGIES LIMITED,TEXAS,INDIA,Bachelor's,03-12-2010,30-06-2011,Computer Systems Analysts,1451
27-05-2011,Denied,Parolee,INDIA,26-01-2015,JERSEY CITY,UNITED STATES OF AMERICA,"JSMN INTERNATIONAL, INC.",NEW JERSEY,INDIA,Master's,20-08-2010,03-07-2011,"Computer Software Engineers, Applications",1340
15-04-2011,Denied,H-1B,INDIA,27-04-2015,PLANO,UNITED STATES OF AMERICA,INFOSYS TECHNOLOGIES LIMITED,TEXAS,INDIA,Bachelor's,24-08-2010,30-06-2011,Computer Systems Analysts,1473
13-04-2011,Denied,H-1B,INDIA,16-04-2015,PLANO,UNITED STATES OF AMERICA,INFOSYS TECHNOLOGIES LIMITED,TEXAS,INDIA,Bachelor's,24-08-2010,30-06-2011,Computer Systems Analysts,1464
05-04-2011,Denied,H-1B,INDIA,16-04-2015,PLANO,UNITED STATES OF AMERICA,INFOSYS TECHNOLOGIES LIMITED,TEXAS,INDIA,Bachelor's,03-12-2010,30-06-2011,Computer Systems Analysts,1472
06-06-2011,Denied,H-1B,INDIA,24-03-2015,PLANO,UNITED STATES OF AMERICA,INFOSYS TECHNOLOGIES LIMITED,TEXAS,INDIA,Bachelor's,03-12-2010,30-06-2011,Computer Systems Analysts,1387
06-06-2011,Denied,H-1B,INDIA,13-04-2015,PLANO,UNITED STATES OF AMERICA,INFOSYS TECHNOLOGIES LIMITED,TEXAS,INDIA,Bachelor's,03-12-2010,30-06-2011,Computer Systems Analysts,1407
19-05-2011,Denied,H-1B,INDIA,17-03-2015,PLANO,UNITED STATES OF AMERICA,INFOSYS TECHNOLOGIES LIMITED,TEXAS,INDIA,Bachelor's,24-08-2010,30-06-2011,Computer Systems Analysts,1398
12-05-2011,Denied,H-1B1,INDIA,05-05-2015,PLANO,UNITED STATES OF AMERICA,INFOSYS TECHNOLOGIES LIMITED,TEXAS,INDIA,Bachelor's,24-08-2010,30-06-2011,Computer Systems Analysts,1454
29-03-2011,Denied,H-1B,INDIA,06-05-2015,PLANO,UNITED STATES OF AMERICA,INFOSYS TECHNOLOGIES LIMITED,TEXAS,INDIA,Bachelor's,24-08-2010,30-06-2011,Computer Systems Analysts,1499
29-03-2011,Denied,H-1B,INDIA,24-04-2015,PLANO,UNITED STATES OF AMERICA,INFOSYS TECHNOLOGIES LIMITED,TEXAS,INDIA,Bachelor's,24-08-2010,30-06-2011,Computer Systems Analysts,1487
05-04-2011,Denied,H-1B,INDIA,17-03-2015,PLANO,UNITED STATES OF AMERICA,INFOSYS TECHNOLOGIES LIMITED,TEXAS,INDIA,Bachelor's,03-12-2010,30-06-2011,Computer Systems Analysts,1442
08-04-2011,Denied,H-1B,INDIA,14-04-2015,PLANO,UNITED STATES OF AMERICA,INFOSYS TECHNOLOGIES LIMITED,TEXAS,INDIA,Bachelor's,24-08-2010,30-06-2011,Computer Systems Analysts,1467
18-08-2011,Denied,L-1,INDIA,20-10-2014,COLLEGE STATION,UNITED STATES OF AMERICA,COGNIZANT TECHNOLOGY SOLUTIONS US CORPORATION,TEXAS,INDIA,Bachelor's,09-07-2010,01-07-2011,Computer Systems Analysts,1159
13-10-2011,Denied,E-2,GERMANY,08-12-2014,FARMINGTON HILLS,UNITED STATES OF AMERICA,ROBERT BOSCH LLC,MICHIGAN,GERMANY,Bachelor's,24-03-2011,30-06-2011,"Treasurers, Controllers, and Chief Fnancial Officers",1152
22-09-2011,Denied,H-1B,CHINA,21-10-2014,SANTA CLARA,UNITED STATES OF AMERICA,AMLOGIC INC.,CALIFORNIA,CHINA,Master's,04-01-2011,30-06-2011,"Electronics Engineers, Except Computer",1125
06-06-2011,Denied,H-1B,INDIA,21-04-2015,PLANO,UNITED STATES OF AMERICA,INFOSYS TECHNOLOGIES LIMITED,TEXAS,INDIA,Bachelor's,03-12-2010,30-06-2011,Computer Systems Analysts,1415
06-06-2011,Denied,H-1B,INDIA,21-04-2015,PLANO,UNITED STATES OF AMERICA,INFOSYS TECHNOLOGIES LIMITED,TEXAS,INDIA,Bachelor's,03-12-2010,30-06-2011,Computer Systems Analysts,1415
15-07-2011,Certified-Expired,H-1B,INDIA,06-10-2014,SAN JOSE,UNITED STATES OF AMERICA,"CISCO SYSTEMS, INC.",CALIFORNIA,INDIA,Master's,22-06-2011,20-09-2011,"Computer Software Engineers, Systems Software",1179
24-03-2011,Denied,H-1B,INDIA,23-04-2015,PLANO,UNITED STATES OF AMERICA,INFOSYS TECHNOLOGIES LIMITED,TEXAS,INDIA,Bachelor's,24-08-2010,30-06-2011,Computer Systems Analysts,1491
14-03-2011,Denied,H-1B,INDIA,13-04-2015,PLANO,UNITED STATES OF AMERICA,INFOSYS TECHNOLOGIES LIMITED,TEXAS,INDIA,Bachelor's,24-08-2010,30-06-2011,Computer Systems Analysts,1491
03-06-2011,Denied,H-1B,INDIA,18-03-2015,PLANO,UNITED STATES OF AMERICA,INFOSYS TECHNOLOGIES LIMITED,TEXAS,INDIA,Bachelor's,24-08-2010,30-06-2011,Computer Systems Analysts,1384
28-01-2015,Certified,H-1B,INDIA,31-07-2015,NEW YORK,UNITED STATES OF AMERICA,ACTIMIZE INC,NEW YORK,INDIA,Bachelor's,24-07-2014,30-06-2015,"Software Developers, Applications",184
14-06-2012,Denied,H-1B,INDIA,15-10-2014,ALBUQUERQUE,UNITED STATES OF AMERICA,SPERIDIAN TECHNOLOGIES A.K.A KARMA CONSULTING SVC,NEW MEXICO,INDIA,Master's,16-09-2011,30-06-2012,Computer and Information Systems Managers,853
22-08-2011,Denied,H-1B,INDIA,21-10-2014,COLLEGE STATION,UNITED STATES OF AMERICA,COGNIZANT TECHNOLOGY SOLUTIONS US CORPORATION,TEXAS,INDIA,Master's,09-07-2010,02-07-2011,Computer Systems Analyst,1156
02-06-2011,Denied,H-1B,INDIA,13-04-2015,PLANO,UNITED STATES OF AMERICA,INFOSYS TECHNOLOGIES LIMITED,TEXAS,INDIA,Bachelor's,24-08-2010,30-06-2011,Computer Systems Analysts,1411
06-06-2011,Denied,H-1B,MEXICO,05-03-2015,HOUSTON,UNITED STATES OF AMERICA,CYPRESS FAIRBANKS ISD,TEXAS,MEXICO,Bachelor's,17-03-2011,30-06-2011,Elementary School Teacher,1368
02-06-2011,Denied,H-1B,INDIA,13-04-2015,PLANO,UNITED STATES OF AMERICA,INFOSYS TECHNOLOGIES LIMITED,TEXAS,INDIA,Bachelor's,24-08-2010,30-06-2011,Computer Systems Analysts,1411
07-04-2014,Certified,H-1B,UNITED KINGDOM,27-07-2015,WOONSOCKET,UNITED STATES OF AMERICA,"CVS RX SERVICES, INC",RHODE ISLAND,NIGERIA,Bachelor's,21-03-2014,30-06-2014,Pharmacist,476
06-06-2011,Denied,H-1B,MEXICO,05-03-2015,HOUSTON,UNITED STATES OF AMERICA,CYPRESS FAIRBANKS ISD,TEXAS,MEXICO,Bachelor's,17-03-2011,30-06-2011,Elementary School Teacher,1368
06-06-2011,Denied,H-1B,INDIA,13-04-2015,PLANO,UNITED STATES OF AMERICA,INFOSYS TECHNOLOGIES LIMITED,TEXAS,INDIA,Bachelor's,03-12-2010,30-06-2011,Computer Systems Analysts,1407
06-06-2011,Denied,H-1B,INDIA,24-03-2015,PLANO,UNITED STATES OF AMERICA,INFOSYS TECHNOLOGIES LIMITED,TEXAS,INDIA,Bachelor's,03-12-2010,30-06-2011,Computer Systems Analysts,1387
06-06-2011,Denied,H-1B,INDIA,27-03-2015,PLANO,UNITED STATES OF AMERICA,INFOSYS TECHNOLOGIES LIMITED,TEXAS,INDIA,Bachelor's,03-12-2010,30-06-2011,Computer Systems Analysts,1390
06-06-2011,Denied,H-1B,INDIA,20-03-2015,PLANO,UNITED STATES OF AMERICA,INFOSYS TECHNOLOGIES LIMITED,TEXAS,INDIA,Bachelor's,03-12-2010,30-06-2011,Computer Systems Analysts,1383
30-06-2011,Denied,H-1B,INDIA,28-05-2015,REDMOND,UNITED STATES OF AMERICA,AMELI TECHNOLOGY SOLUTIONS INC.,WASHINGTON,INDIA,Bachelor's,22-07-2010,02-07-2011,SENIOR SOFTWARE DEV ENGINEER,1428
06-06-2011,Denied,H-1B,INDIA,24-03-2015,PLANO,UNITED STATES OF AMERICA,INFOSYS TECHNOLOGIES LIMITED,TEXAS,INDIA,Bachelor's,24-08-2010,30-06-2011,Computer Systems Analysts,1387
04-06-2011,Denied,H-1B,INDIA,21-04-2015,PLANO,UNITED STATES OF AMERICA,INFOSYS TECHNOLOGIES LIMITED,TEXAS,INDIA,Bachelor's,03-12-2010,30-06-2011,Computer Systems Analysts,1417
25-08-2011,Denied,H-1B,INDIA,05-03-2015,COLLEGE STATION,UNITED STATES OF AMERICA,COGNIZANT TECHNOLOGY SOLUTIONS US CORPORATION,TEXAS,INDIA,Bachelor's,09-07-2010,01-07-2011,Computer Systems Analysts,1288
24-03-2011,Denied,H-1B,INDIA,21-04-2015,PLANO,UNITED STATES OF AMERICA,INFOSYS TECHNOLOGIES LIMITED,TEXAS,INDIA,Bachelor's,24-08-2010,30-06-2011,Computer Systems Analysts,1489
14-03-2011,Denied,H-1B,INDIA,21-05-2015,PLANO,UNITED STATES OF AMERICA,INFOSYS TECHNOLOGIES LIMITED,TEXAS,INDIA,Bachelor's,24-08-2010,30-06-2011,Computer Systems Analysts,1529
06-06-2011,Denied,H-1B,INDIA,24-03-2015,PLANO,UNITED STATES OF AMERICA,INFOSYS TECHNOLOGIES LIMITED,TEXAS,INDIA,Bachelor's,03-12-2010,30-06-2011,Computer Systems Analysts,1387
25-05-2011,Denied,H-1B,INDIA,20-03-2015,PLANO,UNITED STATES OF AMERICA,INFOSYS TECHNOLOGIES LIMITED,TEXAS,INDIA,Bachelor's,03-12-2010,30-06-2011,Computer Systems Analysts,1395
06-06-2011,Denied,H-1B,INDIA,13-04-2015,PLANO,UNITED STATES OF AMERICA,INFOSYS TECHNOLOGIES LIMITED,TEXAS,INDIA,Bachelor's,24-08-2010,30-06-2011,Computer Systems Analysts,1407
06-06-2011,Denied,H-1B,INDIA,17-03-2015,PLANO,UNITED STATES OF AMERICA,INFOSYS TECHNOLOGIES LIMITED,TEXAS,INDIA,Bachelor's,03-12-2010,30-06-2011,Computer Systems Analysts,1380
16-05-2011,Denied,H-1B,INDIA,05-05-2015,PLANO,UNITED STATES OF AMERICA,INFOSYS TECHNOLOGIES LIMITED,TEXAS,INDIA,Bachelor's,03-12-2010,30-06-2011,Computer Systems Analysts,1450
26-05-2011,Denied,H-1B,INDIA,05-05-2015,PLANO,UNITED STATES OF AMERICA,INFOSYS TECHNOLOGIES LIMITED,TEXAS,INDIA,Bachelor's,24-08-2010,30-06-2011,Computer Systems Analysts,1440
26-05-2011,Denied,H-1B,INDIA,18-03-2015,PLANO,UNITED STATES OF AMERICA,INFOSYS TECHNOLOGIES LIMITED,TEXAS,INDIA,Bachelor's,24-08-2010,30-06-2011,Computer Systems Analysts,1392
25-05-2011,Denied,H-1B,INDIA,13-04-2015,PLANO,UNITED STATES OF AMERICA,INFOSYS TECHNOLOGIES LIMITED,TEXAS,INDIA,Bachelor's,03-12-2010,30-06-2011,Computer Systems Analysts,1419
11-07-2012,Certified-Expired,H-1B,INDIA,20-03-2015,NEW YORK,UNITED STATES OF AMERICA,"GOLDMAN, SACHS & CO.",NEW YORK,INDIA,Master's,30-05-2012,28-08-2012,FINANCIAL MANAGERS,982
27-05-2011,Denied,H-1B,INDIA,21-04-2015,PLANO,UNITED STATES OF AMERICA,INFOSYS TECHNOLOGIES LIMITED,TEXAS,INDIA,Bachelor's,03-12-2010,30-06-2011,Computer Systems Analysts,1425
27-05-2011,Denied,H-1B,INDIA,13-04-2015,PLANO,UNITED STATES OF AMERICA,INFOSYS TECHNOLOGIES LIMITED,TEXAS,INDIA,Bachelor's,03-12-2010,30-06-2011,Computer Systems Analysts,1417
26-05-2011,Denied,H-1B,INDIA,23-04-2015,PLANO,UNITED STATES OF AMERICA,INFOSYS TECHNOLOGIES LIMITED,TEXAS,INDIA,Bachelor's,03-12-2010,30-06-2011,Computer Systems Analysts,1428
25-05-2011,Denied,H-1B,INDIA,25-03-2015,PLANO,UNITED STATES OF AMERICA,INFOSYS TECHNOLOGIES LIMITED,TEXAS,INDIA,Bachelor's,24-08-2010,30-06-2011,Computer Systems Analysts,1400
27-05-2011,Denied,H-1B,INDIA,05-05-2015,PLANO,UNITED STATES OF AMERICA,INFOSYS TECHNOLOGIES LIMITED,TEXAS,INDIA,Bachelor's,24-08-2010,30-06-2011,Computer Systems Analysts,1439
06-06-2011,Denied,H-1B,INDIA,21-04-2015,PLANO,UNITED STATES OF AMERICA,INFOSYS TECHNOLOGIES LIMITED,TEXAS,INDIA,Bachelor's,03-12-2010,30-06-2011,Computer Systems Analysts,1415
03-06-2011,Denied,H-1B,INDIA,18-03-2015,PLANO,UNITED STATES OF AMERICA,INFOSYS TECHNOLOGIES LIMITED,TEXAS,INDIA,Bachelor's,24-08-2010,30-06-2011,Computer Systems Analysts,1384
27-05-2011,Denied,H-1B,INDIA,27-03-2015,PLANO,UNITED STATES OF AMERICA,INFOSYS TECHNOLOGIES LIMITED,TEXAS,INDIA,Bachelor's,03-12-2010,30-06-2011,Computer Systems Analysts,1400
27-05-2011,Denied,H-1B,INDIA,21-04-2015,PLANO,UNITED STATES OF AMERICA,INFOSYS TECHNOLOGIES LIMITED,TEXAS,INDIA,Bachelor's,03-12-2010,30-06-2011,Computer Systems Analysts,1425
03-06-2011,Denied,H-1B,INDIA,13-04-2015,PLANO,UNITED STATES OF AMERICA,INFOSYS TECHNOLOGIES LIMITED,TEXAS,INDIA,Bachelor's,24-08-2010,30-06-2011,Computer Systems Analysts,1410
03-06-2011,Denied,H-1B,INDIA,13-04-2015,PLANO,UNITED STATES OF AMERICA,INFOSYS TECHNOLOGIES LIMITED,TEXAS,INDIA,Bachelor's,03-12-2010,30-06-2011,Computer Systems Analysts,1410
03-06-2011,Denied,H-1B,INDIA,13-04-2015,PLANO,UNITED STATES OF AMERICA,INFOSYS TECHNOLOGIES LIMITED,TEXAS,INDIA,Bachelor's,03-12-2010,30-06-2011,Computer Systems Analysts,1410
04-06-2011,Denied,H-1B,INDIA,21-04-2015,PLANO,UNITED STATES OF AMERICA,INFOSYS TECHNOLOGIES LIMITED,TEXAS,INDIA,Bachelor's,03-12-2010,30-06-2011,Computer Systems Analysts,1417
25-08-2011,Denied,H-1B,INDIA,20-10-2014,COLLEGE STATION,UNITED STATES OF AMERICA,COGNIZANT TECHNOLOGY SOLUTIONS US CORPORATION,TEXAS,INDIA,Master's,09-07-2010,02-07-2011,Computer Systems Analyst,1152
06-06-2011,Denied,H-1B,INDIA,13-04-2015,PLANO,UNITED STATES OF AMERICA,INFOSYS TECHNOLOGIES LIMITED,TEXAS,INDIA,Bachelor's,24-08-2010,30-06-2011,Computer Systems Analysts,1407
06-06-2011,Denied,H-1B,INDIA,03-04-2015,PLANO,UNITED STATES OF AMERICA,INFOSYS TECHNOLOGIES LIMITED,TEXAS,INDIA,Bachelor's,24-08-2010,30-06-2011,Computer Systems Analysts,1397
04-06-2011,Denied,H-1B,INDIA,13-04-2015,PLANO,UNITED STATES OF AMERICA,INFOSYS TECHNOLOGIES LIMITED,TEXAS,INDIA,Bachelor's,03-12-2010,30-06-2011,Computer Systems Analysts,1409
26-10-2013,Certified,F-1,SOUTH KOREA,04-05-2015,NILES,UNITED STATES OF AMERICA,"WOO RI VILLAGE,INC",ILLINOIS,SOUTH KOREA,High School,22-08-2013,30-06-2014,Korean Chef,555
17-05-2011,Denied,H-1B,INDIA,06-05-2015,PLANO,UNITED STATES OF AMERICA,INFOSYS TECHNOLOGIES LIMITED,TEXAS,INDIA,Bachelor's,03-12-2010,30-06-2011,Computer Systems Analysts,1450
17-05-2011,Denied,H-1B,INDIA,17-03-2015,PLANO,UNITED STATES OF AMERICA,INFOSYS TECHNOLOGIES LIMITED,TEXAS,INDIA,Bachelor's,03-12-2010,30-06-2011,Computer Systems Analysts,1400
18-05-2011,Denied,H-1B,INDIA,13-04-2015,PLANO,UNITED STATES OF AMERICA,INFOSYS TECHNOLOGIES LIMITED,TEXAS,INDIA,Bachelor's,24-08-2010,30-06-2011,Computer Systems Analysts,1426
17-05-2011,Denied,H-1B,INDIA,13-04-2015,PLANO,UNITED STATES OF AMERICA,INFOSYS TECHNOLOGIES LIMITED,TEXAS,INDIA,Bachelor's,03-12-2010,30-06-2011,Computer Systems Analysts,1427
17-05-2011,Denied,H-1B,INDIA,13-04-2015,PLANO,UNITED STATES OF AMERICA,INFOSYS TECHNOLOGIES LIMITED,TEXAS,INDIA,Bachelor's,03-12-2010,30-06-2011,Computer Systems Analysts,1427
18-05-2011,Denied,H-1B,INDIA,13-04-2015,PLANO,UNITED STATES OF AMERICA,INFOSYS TECHNOLOGIES LIMITED,TEXAS,INDIA,Bachelor's,03-12-2010,30-06-2011,Computer Systems Analysts,1426
16-05-2011,Denied,H-1B,INDIA,27-04-2015,PLANO,UNITED STATES OF AMERICA,INFOSYS TECHNOLOGIES LIMITED,TEXAS,INDIA,Bachelor's,03-12-2010,30-06-2011,Computer Systems Analysts,1442
16-05-2011,Denied,H-1B,INDIA,05-05-2015,PLANO,UNITED STATES OF AMERICA,INFOSYS TECHNOLOGIES LIMITED,TEXAS,INDIA,Bachelor's,03-12-2010,30-06-2011,Computer Systems Analysts,1450
24-08-2012,Certified,H-1B,FRANCE,16-06-2015,NEW YORK,UNITED STATES OF AMERICA,"GOLDMAN, SACHS & CO.",NEW YORK,FRANCE,Master's,29-06-2012,27-09-2012,FINANCIAL MANAGERS,1026
16-05-2011,Denied,H-1B,INDIA,23-04-2015,PLANO,UNITED STATES OF AMERICA,INFOSYS TECHNOLOGIES LIMITED,TEXAS,INDIA,Bachelor's,24-08-2010,30-06-2011,Computer Systems Analysts,1438
16-05-2011,Denied,H-1B,INDIA,24-04-2015,PLANO,UNITED STATES OF AMERICA,INFOSYS TECHNOLOGIES LIMITED,TEXAS,INDIA,Bachelor's,24-08-2010,30-06-2011,Computer Systems Analysts,1439
16-05-2011,Denied,H-1B,INDIA,24-03-2015,PLANO,UNITED STATES OF AMERICA,INFOSYS TECHNOLOGIES LIMITED,TEXAS,INDIA,Bachelor's,24-08-2010,30-06-2011,Computer Systems Analysts,1408
19-05-2011,Denied,H-1B,INDIA,24-04-2015,PLANO,UNITED STATES OF AMERICA,INFOSYS TECHNOLOGIES LIMITED,TEXAS,INDIA,Bachelor's,24-08-2010,30-06-2011,Computer Systems Analysts,1436
03-07-2012,Denied,H-1B,MALAYSIA,15-10-2014,DALLAS,UNITED STATES OF AMERICA,"AT&T, INC., AND ALL OF ITS SUBSIDIARIES AND AFFILIATES",TEXAS,MALAYSIA,Bachelor's,20-01-2012,30-06-2012,"Inf Sec An, Web Dev & Comp Ntwk Arch",834
15-07-2011,Denied,H-1B,INDIA,15-10-2014,SAN JOSE,UNITED STATES OF AMERICA,"CISCO SYSTEMS, INC.",CALIFORNIA,INDIA,Bachelor's,22-06-2011,20-09-2011,"Computer Software Engineers, Systems Software",1188
08-07-2011,Denied,H-1B,UNITED KINGDOM,15-05-2015,ROYALSTON,UNITED STATES OF AMERICA,"MILLERS RIVER EDUCATIONAL COOPERATIVE, INC. D/B/A THE VILLAGE SCHOOL",MASSACHUSETTS,UNITED KINGDOM,Bachelor's,02-12-2010,30-06-2011,"ELEMENTARY SCHOOL TEACHERS, EXCEPT SPECIAL EDUCATION",1407
07-07-2011,Denied,H-1B,INDIA,14-10-2014,MOON TOWNSHIP,UNITED STATES OF AMERICA,"MASTECH, INC., A MASTECH HOLDINGS, INC. COMPANY",PENNSYLVANIA,INDIA,Bachelor's,11-08-2010,02-07-2011,Computer Software Engineer,1195
29-06-2011,Denied,H-1B,MEXICO,20-05-2015,ATHENS,UNITED STATES OF AMERICA,ATHENS INDEPENDENT SCHOOL DISTRICT,TEXAS,MEXICO,Bachelor's,28-02-2011,30-06-2011,Elementary Bilingual Teacher,1421
29-06-2011,Denied,H-1B,MEXICO,11-08-2015,ATHENS,UNITED STATES OF AMERICA,ATHENS INDEPENDENT SCHOOL DISTRICT,TEXAS,MEXICO,Bachelor's,28-02-2011,30-06-2011,Elementary Bilingual Teacher,1504
25-03-2011,Denied,H-1B,INDIA,17-03-2015,PLANO,UNITED STATES OF AMERICA,INFOSYS TECHNOLOGIES LIMITED,TEXAS,INDIA,Bachelor's,24-08-2010,30-06-2011,Computer Systems Analysts,1453
15-06-2012,Denied,H-1B,MEXICO,28-10-2014,DALLAS,UNITED STATES OF AMERICA,DALLAS INDEPENDENT SCHOOL DISTRICT,TEXAS,MEXICO,Bachelor's,08-03-2012,30-06-2012,Elementary Bilingual Teacher,865
18-03-2011,Denied,H-1B,INDIA,14-04-2015,PLANO,UNITED STATES OF AMERICA,INFOSYS TECHNOLOGIES LIMITED,TEXAS,INDIA,Bachelor's,24-08-2010,30-06-2011,Computer Systems Analysts,1488
22-03-2011,Denied,L-1,INDIA,14-04-2015,PLANO,UNITED STATES OF AMERICA,INFOSYS TECHNOLOGIES LIMITED,TEXAS,INDIA,Bachelor's,24-08-2010,30-06-2011,Computer Systems Analysts,1484
28-03-2011,Denied,H-1B,INDIA,13-04-2015,PLANO,UNITED STATES OF AMERICA,INFOSYS TECHNOLOGIES LIMITED,TEXAS,INDIA,Bachelor's,24-08-2010,30-06-2011,Computer Systems Analysts,1477
19-04-2011,Denied,H-1B,INDIA,27-04-2015,PLANO,UNITED STATES OF AMERICA,INFOSYS TECHNOLOGIES LIMITED,TEXAS,INDIA,Bachelor's,24-08-2010,30-06-2011,Computer Systems Analysts,1469
30-08-2011,Denied,L-1,INDIA,15-01-2015,COLLEGE STATION,UNITED STATES OF AMERICA,COGNIZANT TECHNOLOGY SOLUTIONS US CORPORATION,TEXAS,INDIA,Master's,09-07-2010,02-07-2011,Computer Systems Analyst,1234
14-06-2013,Certified-Expired,H-1B,INDIA,15-01-2015,PEORIA,UNITED STATES OF AMERICA,ADVANCED CAD/CAM SERVICE CORPORATION,ILLINOIS,INDIA,Master's,04-06-2013,02-09-2013,Mechanical Engineer,580
17-03-2011,Denied,H-1B,INDIA,27-04-2015,PLANO,UNITED STATES OF AMERICA,INFOSYS TECHNOLOGIES LIMITED,TEXAS,INDIA,Bachelor's,24-08-2010,30-06-2011,Computer Systems Analysts,1502
17-03-2011,Denied,H-1B,INDIA,02-06-2015,PLANO,UNITED STATES OF AMERICA,INFOSYS TECHNOLOGIES LIMITED,TEXAS,INDIA,Bachelor's,03-12-2010,30-06-2011,Computer Systems Analysts,1538
14-03-2011,Denied,L-1,INDIA,13-04-2015,PLANO,UNITED STATES OF AMERICA,INFOSYS TECHNOLOGIES LIMITED,TEXAS,INDIA,Bachelor's,24-08-2010,30-06-2011,Computer Systems Analysts,1491
16-03-2011,Denied,H-1B,INDIA,04-06-2015,PLANO,UNITED STATES OF AMERICA,INFOSYS TECHNOLOGIES LIMITED,TEXAS,INDIA,Bachelor's,24-08-2010,30-06-2011,Computer Systems Analysts,1541
19-03-2011,Denied,H-1B,INDIA,04-06-2015,PLANO,UNITED STATES OF AMERICA,INFOSYS TECHNOLOGIES LIMITED,TEXAS,INDIA,Bachelor's,24-08-2010,30-06-2011,Computer Systems Analysts,1538
16-03-2011,Denied,H-1B,INDIA,14-04-2015,PLANO,UNITED STATES OF AMERICA,INFOSYS TECHNOLOGIES LIMITED,TEXAS,INDIA,Bachelor's,03-12-2010,30-06-2011,Computer Systems Analysts,1490
22-03-2011,Denied,H-1B,INDIA,04-06-2015,PLANO,UNITED STATES OF AMERICA,INFOSYS TECHNOLOGIES LIMITED,TEXAS,INDIA,Bachelor's,24-08-2010,30-06-2011,Computer Systems Analysts,1535
14-03-2011,Denied,H-1B,INDIA,04-06-2015,PLANO,UNITED STATES OF AMERICA,INFOSYS TECHNOLOGIES LIMITED,TEXAS,INDIA,Bachelor's,03-12-2010,30-06-2011,Computer Systems Analysts,1543
17-03-2011,Denied,H-1B,INDIA,27-04-2015,PLANO,UNITED STATES OF AMERICA,INFOSYS TECHNOLOGIES LIMITED,TEXAS,INDIA,Bachelor's,24-08-2010,30-06-2011,Computer Systems Analysts,1502
18-03-2011,Denied,H-1B,INDIA,07-05-2015,PLANO,UNITED STATES OF AMERICA,INFOSYS TECHNOLOGIES LIMITED,TEXAS,INDIA,Bachelor's,24-08-2010,30-06-2011,Computer Systems Analysts,1511
18-03-2011,Denied,H-1B,INDIA,06-05-2015,PLANO,UNITED STATES OF AMERICA,INFOSYS TECHNOLOGIES LIMITED,TEXAS,INDIA,Bachelor's,24-08-2010,30-06-2011,Computer Systems Analysts,1510
21-11-2012,Certified-Expired,H-1B,SOUTH KOREA,06-04-2015,NEW YORK,UNITED STATES OF AMERICA,"GOLDMAN, SACHS & CO.",NEW YORK,SOUTH KOREA,Doctorate,09-10-2012,30-06-2013,FINANCIAL ANALYSTS,866
14-03-2011,Denied,H-1B,INDIA,14-04-2015,PLANO,UNITED STATES OF AMERICA,INFOSYS TECHNOLOGIES LIMITED,TEXAS,INDIA,Bachelor's,24-08-2010,30-06-2011,Computer Systems Analysts,1492
28-03-2011,Denied,H-1B,INDIA,14-04-2015,PLANO,UNITED STATES OF AMERICA,INFOSYS TECHNOLOGIES LIMITED,TEXAS,INDIA,Bachelor's,24-08-2010,30-06-2011,Computer Systems Analysts,1478
28-03-2011,Denied,H-1B,INDIA,21-05-2015,PLANO,UNITED STATES OF AMERICA,INFOSYS TECHNOLOGIES LIMITED,TEXAS,INDIA,Bachelor's,24-08-2010,30-06-2011,Computer Systems Analysts,1515
28-03-2011,Denied,H-1B,INDIA,14-04-2015,PLANO,UNITED STATES OF AMERICA,INFOSYS TECHNOLOGIES LIMITED,TEXAS,INDIA,Bachelor's,24-08-2010,30-06-2011,Computer Systems Analysts,1478
18-03-2011,Denied,H-1B,INDIA,17-04-2015,PLANO,UNITED STATES OF AMERICA,INFOSYS TECHNOLOGIES LIMITED,TEXAS,INDIA,Bachelor's,24-08-2010,30-06-2011,Computer Systems Analysts,1491
21-03-2011,Denied,H-1B,INDIA,14-04-2015,PLANO,UNITED STATES OF AMERICA,INFOSYS TECHNOLOGIES LIMITED,TEXAS,INDIA,Bachelor's,24-08-2010,30-06-2011,Computer Systems Analysts,1485
21-03-2011,Denied,H-1B,INDIA,17-04-2015,PLANO,UNITED STATES OF AMERICA,INFOSYS TECHNOLOGIES LIMITED,TEXAS,INDIA,Bachelor's,24-08-2010,30-06-2011,Computer Systems Analysts,1488
21-03-2011,Denied,H-1B,INDIA,24-04-2015,PLANO,UNITED STATES OF AMERICA,INFOSYS TECHNOLOGIES LIMITED,TEXAS,INDIA,Bachelor's,03-12-2010,30-06-2011,Computer Systems Analysts,1495
07-09-2011,Denied,L-1,INDIA,05-03-2015,COLLEGE STATION,UNITED STATES OF AMERICA,COGNIZANT TECHNOLOGY SOLUTIONS US CORPORATION,TEXAS,INDIA,Bachelor's,26-10-2010,30-06-2011,Computer Systems Analyst,1275
29-08-2011,Denied,H-1B,INDIA,22-01-2015,SAN JOSE,UNITED STATES OF AMERICA,"QUALCOMM ATHEROS, INC.",CALIFORNIA,INDIA,Master's,04-08-2010,02-07-2011,"Computer Software Engineers, Systems Software",1242
04-10-2012,Denied,F-1,NEPAL,13-08-2015,PALM HARBOR,UNITED STATES OF AMERICA,RAB VERTURES INC,FLORIDA,NEPAL,Master's,23-04-2012,22-07-2012,Management Analysts,1043
18-08-2011,Denied,H-1B,INDIA,05-03-2015,COLLEGE STATION,UNITED STATES OF AMERICA,COGNIZANT TECHNOLOGY SOLUTIONS US CORPORATION,TEXAS,INDIA,Bachelor's,26-10-2010,30-06-2011,Computer Systems Analyst,1295
12-09-2011,Denied,H-1B,INDIA,20-10-2014,COLLEGE STATION,UNITED STATES OF AMERICA,COGNIZANT TECHNOLOGY SOLUTIONS US CORPORATION,TEXAS,INDIA,Master's,09-07-2010,02-07-2011,Computer Systems Analyst,1134
05-04-2013,Certified-Expired,H-1B,CANADA,02-10-2014,DALLAS,UNITED STATES OF AMERICA,"AT&T, INC., AND ALL OF ITS SUBSIDIARIES AND AFFILIATES",TEXAS,BANGLADESH,Master's,11-07-2012,30-06-2013,"Information Security Analysts, Web Developers, and Computer Network Architects",545
16-07-2012,Denied,B-2,VENEZUELA,16-10-2014,NEW YORK,UNITED STATES OF AMERICA,POLARIS HAIR STUDIO.LLC,NEW YORK,VENEZUELA,High School,20-12-2011,30-06-2012,Hair Stylist,822
22-08-2011,Denied,H-1B,INDIA,05-03-2015,COLLEGE STATION,UNITED STATES OF AMERICA,COGNIZANT TECHNOLOGY SOLUTIONS US CORPORATION,TEXAS,INDIA,Bachelor's,26-10-2010,30-06-2011,Computer Systems Analyst,1291
09-09-2011,Denied,H-1B,PAKISTAN,15-01-2015,REDWOOD SHORES,UNITED STATES OF AMERICA,"ORACLE AMERICA, INC.",CALIFORNIA,PAKISTAN,Bachelor's,07-06-2011,05-09-2011,"Computer Software Engineers, Applications",1224
28-12-2011,Denied,H-1B,INDIA,23-10-2014,CARY,UNITED STATES OF AMERICA,"SWIFT SOLUTIONS, INC",NORTH CAROLINA,INDIA,Master's,27-09-2011,30-06-2012,"Computer Software Engineers, Systems Software",1030
22-05-2012,Denied,H-1B,MEXICO,20-05-2015,DALLAS,UNITED STATES OF AMERICA,DALLAS INDEPENDENT SCHOOL DISTRICT,TEXAS,MEXICO,Bachelor's,08-03-2012,30-06-2012,Elementary Bilingual Teacher,1093
01-02-2012,Denied,H-1B,MEXICO,22-06-2015,HOUSTON,UNITED STATES OF AMERICA,ALDINE INDEPENDENT SCHOOL DISTRICT,TEXAS,MEXICO,Bachelor's,24-10-2011,30-06-2011,Bilingual Elementary School Teacher,1237
21-03-2011,Denied,H-1B,INDIA,21-04-2015,PLANO,UNITED STATES OF AMERICA,INFOSYS TECHNOLOGIES LIMITED,TEXAS,INDIA,Bachelor's,24-08-2010,30-06-2011,Computer Systems Analysts,1492
22-03-2011,Denied,H-1B,INDIA,12-05-2015,PLANO,UNITED STATES OF AMERICA,INFOSYS TECHNOLOGIES LIMITED,TEXAS,INDIA,Bachelor's,03-12-2010,30-06-2011,Computer Systems Analysts,1512
28-03-2011,Denied,H-1B,INDIA,06-05-2015,PLANO,UNITED STATES OF AMERICA,INFOSYS TECHNOLOGIES LIMITED,TEXAS,INDIA,Bachelor's,24-08-2010,30-06-2011,Computer Systems Analysts,1500
19-04-2011,Denied,H-1B,INDIA,04-12-2014,SUWANEE,UNITED STATES OF AMERICA,SMARTSOFT INTERNATIONAL INC,GEORGIA,INDIA,Bachelor's,26-01-2011,30-06-2011,Computer Systems Analyst,1325
29-04-2011,Denied,H-1B,INDIA,14-04-2015,PLANO,UNITED STATES OF AMERICA,INFOSYS TECHNOLOGIES LIMITED,TEXAS,INDIA,Bachelor's,24-08-2010,30-06-2011,Computer Systems Analysts,1446
10-10-2011,Denied,H-1B,CANADA,16-10-2014,ROCHESTER,UNITED STATES OF AMERICA,MAYO CLINIC,MINNESOTA,CANADA,Other,20-09-2011,30-06-2012,"Health Specialties Teachers, Postsecondary",1102
14-10-2011,Denied,H-1B,INDIA,17-04-2015,COLLEGE STATION,UNITED STATES OF AMERICA,COGNIZANT TECHNOLOGY SOLUTIONS US CORPORATION,TEXAS,INDIA,Bachelor's,09-07-2010,01-07-2011,Computer Systems Analysts,1281
30-12-2011,Denied,H-1B,INDIA,17-12-2014,BOSTON,UNITED STATES OF AMERICA,WEISS ASSET MANAGEMENT LP,MASSACHUSETTS,INDIA,Bachelor's,27-09-2011,30-06-2012,"Software Developers, Applications",1083
09-04-2013,Certified-Expired,H-1B,INDIA,22-10-2014,COLUMBUS,UNITED STATES OF AMERICA,CUMMINS INC.,INDIANA,INDIA,Master's,10-10-2012,30-06-2013,Statisticians,561
21-03-2011,Denied,H-1B,INDIA,04-06-2015,PLANO,UNITED STATES OF AMERICA,INFOSYS TECHNOLOGIES LIMITED,TEXAS,INDIA,Bachelor's,03-12-2010,30-06-2011,Computer Systems Analysts,1536
24-03-2011,Denied,H-1B,INDIA,14-04-2015,SOUTH WINDSOR,UNITED STATES OF AMERICA,WEBILENT TECHNOLOGY INC.,CONNECTICUT,INDIA,Master's,25-10-2010,11-07-2011,"Computer Software Engineers, Applications",1482
23-03-2011,Denied,H-1B,INDIA,21-04-2015,PLANO,UNITED STATES OF AMERICA,INFOSYS TECHNOLOGIES LIMITED,TEXAS,INDIA,Bachelor's,03-12-2010,30-06-2011,Computer Systems Analysts,1490
29-06-2011,Denied,B-2,BULGARIA,28-05-2015,BENSENVILLE,UNITED STATES OF AMERICA,UNITED GROUP EXPRESS INC.,ILLINOIS,BULGARIA,High School,13-12-2010,30-06-2011,Diesel Mechanic,1429
22-06-2011,Denied,H-1B,MEXICO,15-05-2015,HOUSTON,UNITED STATES OF AMERICA,CYPRESS FAIRBANKS ISD,TEXAS,MEXICO,Bachelor's,17-03-2011,30-06-2011,Elementary School Teacher,1423
20-06-2014,Certified-Expired,H-1B,INDIA,06-11-2014,HERNDON,UNITED STATES OF AMERICA,"GURUSINFOTECH,INC",VIRGINIA,INDIA,Bachelor's,23-07-2013,30-06-2014,"Software Developers, Applications",139
16-12-2014,Certified,H-1B,HONDURAS,19-06-2015,LOS ANGELES,UNITED STATES OF AMERICA,GENERAL ANESTHESIA SPECIALISTS PRTNRSHIP MED. GRP.,CALIFORNIA,HONDURAS,Other,17-07-2014,30-06-2015,"Medical Scientists, Except Epidemiologists",185
02-05-2011,Denied,H-1B,INDIA,13-04-2015,PLANO,UNITED STATES OF AMERICA,INFOSYS TECHNOLOGIES LIMITED,TEXAS,INDIA,Bachelor's,03-12-2010,30-06-2011,Computer Systems Analysts,1442
26-04-2011,Denied,H-1B,INDIA,27-04-2015,PLANO,UNITED STATES OF AMERICA,INFOSYS TECHNOLOGIES LIMITED,TEXAS,INDIA,Bachelor's,24-08-2010,30-06-2011,Computer Systems Analysts,1462
27-04-2011,Denied,H-1B,INDIA,21-04-2015,PLANO,UNITED STATES OF AMERICA,INFOSYS TECHNOLOGIES LIMITED,TEXAS,INDIA,Bachelor's,24-08-2010,30-06-2011,Computer Systems Analysts,1455
19-04-2011,Denied,H-1B,INDIA,14-04-2015,PLANO,UNITED STATES OF AMERICA,INFOSYS TECHNOLOGIES LIMITED,TEXAS,INDIA,Bachelor's,24-08-2010,30-06-2011,Computer Systems Analysts,1456
20-04-2011,Denied,H-1B,UNITED STATES OF AMERICA,16-04-2015,PLANO,UNITED STATES OF AMERICA,INFOSYS TECHNOLOGIES LIMITED,TEXAS,INDIA,Bachelor's,24-08-2010,30-06-2011,Computer Systems Analysts,1457
29-04-2011,Denied,H-1B,INDIA,14-04-2015,PLANO,UNITED STATES OF AMERICA,INFOSYS TECHNOLOGIES LIMITED,TEXAS,INDIA,Bachelor's,03-12-2010,30-06-2011,Computer Systems Analysts,1446
31-08-2011,Denied,H-1B,PHILIPPINES,04-09-2015,LOS ANGELES,UNITED STATES OF AMERICA,CAROUSEL SCHOOL,CALIFORNIA,PHILIPPINES,Bachelor's,14-06-2011,12-09-2011,PRESCHOOL TEACHER,1465
29-08-2011,Denied,F-2,SOUTH KOREA,12-06-2015,DENTON,UNITED STATES OF AMERICA,"JEEDO, INC.",TEXAS,SOUTH KOREA,High School,04-05-2011,02-08-2011,Sushi Chef,1383
06-09-2011,Denied,H-1B1,VENEZUELA,21-10-2014,NEW YORK,UNITED STATES OF AMERICA,GLOBAL WORKS GROUP LLC,NEW YORK,BELGIUM,Bachelor's,17-08-2010,30-06-2011,ADVERTISING AND PROMOTION MANAGERS,1141
31-08-2011,Denied,L-1,UKRAINE,15-10-2014,REDMOND,UNITED STATES OF AMERICA,MICROSOFT CORPORATION,WASHINGTON,UKRAINE,Master's,14-06-2011,12-09-2011,"Computer Software Engineers, Applications",1141
24-08-2011,Denied,H-1B,PHILIPPINES,06-03-2015,SAN AUGUSTINE,UNITED STATES OF AMERICA,SAN AUGUSTINE INDEPENDENT SCHOOL DISTRICT,TEXAS,PHILIPPINES,Bachelor's,25-03-2011,30-06-2011,Secondary School Teacher,1290
30-08-2011,Denied,H-1B,INDIA,11-08-2015,DALLAS,UNITED STATES OF AMERICA,TEXAS INSTRUMENTS INCORPORATED,TEXAS,INDIA,Bachelor's,10-06-2011,08-09-2011,"Electronics Engineers, Except Computer",1442
18-01-2012,Denied,H-1B,MEXICO,20-05-2015,HOUSTON,UNITED STATES OF AMERICA,ALDINE INDEPENDENT SCHOOL DISTRICT,TEXAS,MEXICO,Bachelor's,24-10-2011,30-06-2012,Bilingual Elementary School Teacher,1218
26-01-2012,Denied,H-1B,CANADA,26-01-2015,RTP,UNITED STATES OF AMERICA,IBM CORPORATION,NORTH CAROLINA,CANADA,Bachelor's,22-11-2011,30-06-2012,Network and Computer Systems Administrators,1096
30-05-2013,Certified-Expired,H-1B,INDIA,13-11-2014,DALLAS,UNITED STATES OF AMERICA,"AT&T, INC., AND ALL OF ITS SUBSIDIARIES AND AFFILIATES",TEXAS,INDIA,Master's,28-08-2012,30-06-2013,"Info. Sec. Anlst., Web Dev., & Comp. Net.Arch.",532
18-11-2011,Denied,H-1B,INDIA,17-10-2014,RTP,UNITED STATES OF AMERICA,IBM CORPORATION,NORTH CAROLINA,INDIA,Master's,13-09-2011,30-06-2012,Computer Systems Analysts,1064
24-11-2014,Certified,H-1B,INDIA,11-05-2015,"KLAMATH FALLS,",UNITED STATES OF AMERICA,"JELD-WEN, INC.",OREGON,INDIA,Bachelor's,04-09-2014,30-06-2015,"Software Developers, Applications",168
01-12-2011,Denied,H-1B,JAPAN,09-01-2015,NEW YORK,UNITED STATES OF AMERICA,BLACKROCK FINANCIAL MANAGEMENT,NEW YORK,JAPAN,Bachelor's,30-09-2011,30-06-2012,Financial Analysts,1135
13-06-2013,Certified-Expired,H-1B,INDIA,04-02-2015,DALLAS,UNITED STATES OF AMERICA,"AT&T, INC., AND ALL OF ITS SUBSIDIARIES AND AFFILIATES",TEXAS,INDIA,Bachelor's,24-07-2012,30-06-2013,"Electronics Engineers, Except Computer",601
17-07-2012,Denied,H-1B,PAKISTAN,15-10-2014,DALLAS,UNITED STATES OF AMERICA,"AT&T, INC., AND ALL OF ITS SUBSIDIARIES AND AFFILIATES",TEXAS,PAKISTAN,Bachelor's,10-02-2012,30-06-2012,"Electronics Engineers, Except Computer",820
10-06-2014,Certified-Expired,H-1B,PAKISTAN,14-11-2014,NORMAN,UNITED STATES OF AMERICA,THE UNIVERSITY OF OKLAHOMA,OKLAHOMA,PAKISTAN,Doctorate,20-03-2014,30-06-2014,"Engineering Teachers, Postsecondary",157
19-07-2012,Denied,H-1B,PHILIPPINES,15-10-2014,DALLAS,UNITED STATES OF AMERICA,"AT&T, INC., AND ALL OF ITS SUBSIDIARIES AND AFFILIATES",TEXAS,PHILIPPINES,Bachelor's,25-01-2012,30-06-2012,"Inf. Sec. Anlysts, Web Dev. & Comp. Net. Arch.",818
09-10-2012,Certified-Expired,H-1B,INDIA,06-11-2014,NEW YORK,UNITED STATES OF AMERICA,"VERIZON COMMUNICATIONS INC., & ALL ITS SUBSIDIARIES & AFFILIATES",NEW YORK,INDIA,Master's,19-09-2012,30-06-2013,"Software Developers, Applications",758
01-04-2013,Certified-Expired,H-1B,INDIA,15-10-2014,FAYETTEVILLE,UNITED STATES OF AMERICA,UNIVERSITY OF ARKANSAS,ARKANSAS,INDIA,Master's,24-08-2012,30-06-2013,"Software Developers, Applications",562
24-09-2012,Denied,H-1B,MEXICO,05-08-2015,DALLAS,UNITED STATES OF AMERICA,"AT&T, INC., AND ALL OF ITS SUBSIDIARIES AND AFFILIATES",TEXAS,MEXICO,Bachelor's,13-12-2011,30-06-2012,Network & Computer Systems Administrators,1045
03-04-2013,Certified-Expired,H-1B,BURMA (MYANMAR),23-10-2014,CAMARILLO,UNITED STATES OF AMERICA,SEMTECH CORPORATION,CALIFORNIA,BURMA (MYANMAR),Master's,27-12-2012,30-06-2013,Electronics Engineers,568
21-12-2011,Denied,H-1B,INDIA,04-08-2015,ORANGE,UNITED STATES OF AMERICA,RADIUS POWER,CALIFORNIA,INDIA,Master's,17-10-2011,30-06-2012,INDUSTRIAL ENGINEER,1322
18-10-2013,Certified,H-1B,CHINA,18-05-2015,MADISON,UNITED STATES OF AMERICA,UNIVERSITY OF WISCONSIN COLLEGES,WISCONSIN,CHINA,Master's,30-09-2013,30-06-2014,ASSISTANT PROFESSOR,577
19-01-2012,Denied,H-1B,INDIA,23-06-2015,RTP,UNITED STATES OF AMERICA,IBM CORPORATION,NORTH CAROLINA,INDIA,Master's,19-10-2011,30-06-2012,Computer Systems Analysts,1251
07-02-2012,Denied,H-1B,INDIA,15-05-2015,SUNNYVALE,UNITED STATES OF AMERICA,"ADVANCED MICRO DEVICES, INC. (AMD)",CALIFORNIA,INDIA,Master's,14-11-2011,30-06-2012,Computer Systems Analysts,1193
02-12-2011,Denied,H-1B,INDIA,26-01-2015,RTP,UNITED STATES OF AMERICA,IBM CORPORATION,NORTH CAROLINA,INDIA,Master's,01-07-2011,30-06-2012,"Computer Software Engineers, Systems Software",1151
15-11-2011,Denied,H-1B,MALAYSIA,09-03-2015,ARMONK,UNITED STATES OF AMERICA,SWISS RE AMERICA HOLDING CORPORATION,NEW YORK,MALAYSIA,Bachelor's,08-09-2011,30-06-2012,Actuaries,1210
29-09-2011,Denied,H-1B,INDIA,20-10-2014,COLLEGE STATION,UNITED STATES OF AMERICA,COGNIZANT TECHNOLOGY SOLUTIONS US CORPORATION,TEXAS,INDIA,Master's,09-07-2010,02-07-2011,Computer Systems Analyst,1117
15-06-2012,Denied,H-1B,MEXICO,21-10-2014,DALLAS,UNITED STATES OF AMERICA,DALLAS INDEPENDENT SCHOOL DISTRICT,TEXAS,MEXICO,Bachelor's,08-03-2012,30-06-2012,ELEMENTARY BILINGUAL TEACHER,858
19-10-2012,Denied,H-1B,MEXICO,09-03-2015,FORT WORTH,UNITED STATES OF AMERICA,FORT WORTH INDEPENDENT SCHOOL DISTRICT,TEXAS,MEXICO,Bachelor's,24-09-2012,30-06-2013,"Elementary School Teachers, Except Special Education",871
10-07-2012,Certified-Expired,H-1B,UNITED KINGDOM,05-03-2015,NEW YORK,UNITED STATES OF AMERICA,"GOLDMAN, SACHS & CO.",NEW YORK,SPAIN,Bachelor's,27-06-2012,25-09-2012,FINANCIAL MANAGERS,968
03-08-2012,Denied,H-1B,INDIA,15-10-2014,EDISON,UNITED STATES OF AMERICA,IT BUSINESS MANAGEMENT SOLUTIONS INC,NEW JERSEY,INDIA,Master's,24-05-2012,22-08-2012,Computer Systems Analyst,803
28-01-2015,Certified,Not in USA,INDIA,31-07-2015,NAPERVILLE,UNITED STATES OF AMERICA,"TEKLINK INTERNATIONAL, INC.",ILLINOIS,INDIA,Master's,12-12-2014,30-06-2015,"Software Developers, Applications",184
21-06-2012,Certified,H-1B,INDIA,19-08-2015,COLLEGE STATION,UNITED STATES OF AMERICA,COGNIZANT TECHNOLOGY SOLUTIONS US CORPORATION,TEXAS,INDIA,Master's,09-01-2012,30-06-2012,"Software Developers, Applications",1154
23-06-2012,Denied,H-1B,INDIA,20-08-2015,COLLEGE STATION,UNITED STATES OF AMERICA,COGNIZANT TECHNOLOGY SOLUTIONS US CORPORATION,TEXAS,INDIA,Bachelor's,09-01-2012,30-06-2012,"Software Developers, Applications",1153
14-06-2012,Withdrawn,F-1,JAMAICA,23-01-2015,NEW YORK,UNITED STATES OF AMERICA,GOLDMAN SACHS & CO.,NEW YORK,JAMAICA,Master's,08-05-2012,06-08-2012,FINANCIAL ANALYST,953
26-06-2012,Denied,L-1,INDIA,04-09-2015,COLLEGE STATION,UNITED STATES OF AMERICA,COGNIZANT TECHNOLOGY SOLUTIONS US CORPORATION,TEXAS,INDIA,Bachelor's,09-01-2012,30-06-2012,"Software Developers, Applications",1165
22-06-2012,Denied,H-1B,INDIA,09-06-2015,IRVING,UNITED STATES OF AMERICA,MOURI TECH LLC,TEXAS,INDIA,Master's,11-05-2012,09-08-2012,Computer Systems Analysts,1082
28-06-2012,Denied,H-1B,VENEZUELA,14-11-2014,DALLAS,UNITED STATES OF AMERICA,DALLAS INDEPENDENT SCHOOL DISTRICT,TEXAS,VENEZUELA,Bachelor's,08-03-2012,30-06-2012,ELEMENTARY BILINGUAL TEACHER,869
12-09-2011,Denied,L-1,INDIA,15-01-2015,COLLEGE STATION,UNITED STATES OF AMERICA,COGNIZANT TECHNOLOGY SOLUTIONS US CORPORATION,TEXAS,INDIA,Bachelor's,26-10-2010,30-06-2011,Computer Systems Analyst,1221
27-06-2014,Certified-Expired,H-1B,INDIA,24-11-2014,THE WOODLANDS,UNITED STATES OF AMERICA,"HORIZONSOFTSOLUTIONS, INC",TEXAS,INDIA,Master's,25-03-2014,30-06-2011,"Software Developers, Applications",150
21-12-2011,Denied,H-1B,INDIA,04-08-2015,DULUTH,UNITED STATES OF AMERICA,"EIS TECHNOLOGIES, INC",GEORGIA,INDIA,Bachelor's,06-10-2011,30-06-2012,"Software Developers, Applications (SOC Code: 15-1132 - not able to select)",1322
10-04-2012,Denied,Parolee,INDIA,04-08-2015,EXTON,UNITED STATES OF AMERICA,TECHWAVE CONSULTING INC,PENNSYLVANIA,INDIA,Master's,10-01-2012,30-06-2011,Senior Programmer Analyst,1211
07-12-2011,Denied,H-1B,CANADA,28-05-2015,HOPKINTON,UNITED STATES OF AMERICA,EMC CORPORATION,MASSACHUSETTS,CHINA,Bachelor's,30-08-2011,30-06-2012,Computer Systems Analysts,1268
02-12-2014,Certified,H-1B,SOUTH KOREA,09-06-2015,PITTSBURGH,UNITED STATES OF AMERICA,"ANSALDO STS USA, INC.",PENNSYLVANIA,SOUTH KOREA,Bachelor's,10-07-2014,30-06-2015,"Electronics Engineers, Except Computer",189
24-11-2014,Certified,H-1B,INDIA,14-07-2015,WEST WINDSOR,UNITED STATES OF AMERICA,"Y-AXIS, INC.",NEW JERSEY,INDIA,Master's,12-09-2014,30-06-2015,"Software Developer, Applications",232
14-11-2011,Denied,H-1B,INDIA,09-06-2015,RTP,UNITED STATES OF AMERICA,IBM CORPORATION,NORTH CAROLINA,INDIA,Master's,02-06-2011,31-08-2011,Computer Software Engineer,1303
29-09-2011,Denied,H-1B,INDIA,16-10-2014,PALO ALTO,UNITED STATES OF AMERICA,HEWLETT-PACKARD COMPANY,CALIFORNIA,INDIA,Bachelor's,07-02-2011,30-06-2011,Computer Systems Analyst,1113
27-09-2011,Denied,H-1B,MEXICO,14-04-2015,HILLSBORO,UNITED STATES OF AMERICA,HILLSBORO INDEPENDENT SCHOOL DISTRICT,TEXAS,MEXICO,Bachelor's,21-03-2011,30-06-2011,Elementary Teacher,1295
27-09-2011,Denied,H-1B,MEXICO,14-04-2015,HILLSBORO,UNITED STATES OF AMERICA,HILLSBORO INDEPENDENT SCHOOL DISTRICT,TEXAS,MEXICO,Bachelor's,21-03-2011,30-06-2011,Elementary Teacher,1295
27-09-2011,Denied,H-1B,MEXICO,14-04-2015,HILLSBORO,UNITED STATES OF AMERICA,HILLSBORO INDEPENDENT SCHOOL DISTRICT,TEXAS,MEXICO,Bachelor's,21-03-2011,30-06-2011,Elementary Teacher,1295
12-06-2012,Certified-Expired,H-1B,EGYPT,10-11-2014,NEW YORK,UNITED STATES OF AMERICA,"VERIZON COMMUNICATIONS INC., & ALL ITS SUBSIDIARIES & AFFILIATES",NEW YORK,EGYPT,Bachelor's,15-12-2011,30-06-2012,Computer Systems Analysts,881
14-02-2012,Withdrawn,H-1B,SOUTH KOREA,13-05-2015,NEW YORK,UNITED STATES OF AMERICA,"GOLDMAN, SACHS & CO.",NEW YORK,SOUTH KOREA,Bachelor's,28-11-2011,30-06-2012,FINANCIAL ANALYST,1184
03-06-2012,Denied,H-1B,MEXICO,04-08-2015,GARLAND,UNITED STATES OF AMERICA,GARLAND INDEPENDENT SCHOOL DISTRICT,TEXAS,MEXICO,Bachelor's,02-02-2012,30-06-2012,SECONDARY TEACHER,1157
24-05-2012,Denied,H-1B,MEXICO,18-11-2014,DALLAS,UNITED STATES OF AMERICA,DALLAS INDEPENDENT SCHOOL DISTRICT,TEXAS,MEXICO,Bachelor's,08-03-2012,30-06-2012,Elementary Bilingual Teacher,908
11-07-2012,Denied,H-1B,SOUTH KOREA,08-12-2014,DORAVILLE,UNITED STATES OF AMERICA,"AURA ENTERPRISES,INC",GEORGIA,SOUTH KOREA,Bachelor's,30-04-2012,29-07-2012,Management Analyst,880
24-06-2013,Certified-Expired,H-1B,CHINA,21-01-2015,SAN MATEO,UNITED STATES OF AMERICA,ADAP.TV INC.,CALIFORNIA,CHINA,Master's,26-12-2012,30-06-2013,"Software Developers, Applications",576
30-05-2012,Denied,H-1B,INDIA,07-04-2015,EDISON,UNITED STATES OF AMERICA,3I INFOTECH INC.,NEW JERSEY,INDIA,Master's,17-11-2011,30-06-2012,"SOFTWARE DEVELOPERS, APPLICATIONS",1042
10-07-2012,Denied,H-1B,INDIA,15-05-2015,NORCROSS,UNITED STATES OF AMERICA,"SOFTECH INTERNATIONAL RESOURCE, INC.",GEORGIA,INDIA,Bachelor's,17-04-2012,16-07-2012,"Software Developers, Applications",1039
04-05-2012,Denied,H-1B,UNITED STATES OF AMERICA,17-12-2014,HOPKINTON,UNITED STATES OF AMERICA,EMC CORPORATION,MASSACHUSETTS,UNITED STATES OF AMERICA,Bachelor's,24-10-2011,30-06-2012,Computer Systems Analyst,957
11-05-2012,Denied,H-1B,INDIA,14-07-2015,GREENVILLE,UNITED STATES OF AMERICA,"GLOBAL PTM, INC",SOUTH CAROLINA,INDIA,Master's,19-10-2011,30-06-2012,Computer and Information Systems Manager,1159
19-06-2012,Denied,Parolee,INDIA,03-09-2015,COLLEGE STATION,UNITED STATES OF AMERICA,COGNIZANT TECHNOLOGY SOLUTIONS US CORPORATION,TEXAS,INDIA,Bachelor's,09-01-2012,30-06-2012,"Software Developers, Applications",1171
24-05-2012,Denied,H-1B,MEXICO,20-07-2015,DALLAS,UNITED STATES OF AMERICA,DALLAS INDEPENDENT SCHOOL DISTRICT,TEXAS,MEXICO,Bachelor's,08-03-2012,30-06-2012,Elementary Bilingual Teacher,1152
30-05-2012,Certified-Expired,H-1B,TURKEY,07-04-2015,NEW YORK,UNITED STATES OF AMERICA,GOLDMAN SACHS & CO.,NEW YORK,TURKEY,Bachelor's,02-05-2012,31-07-2012,"SECURITIES, COMMODITIES AND FINANCIAL SERVICES SALES AGENTS",1042
24-05-2012,Certified-Expired,H-1B,MALAYSIA,03-04-2015,NEW YORK,UNITED STATES OF AMERICA,"GOLDMAN, SACHS & CO.",NEW YORK,MALAYSIA,Master's,02-05-2012,31-07-2012,FINANCIAL ANALYSTS,1044
20-06-2012,Denied,H-1B,VENEZUELA,10-02-2015,DALLAS,UNITED STATES OF AMERICA,DALLAS INDEPENDENT SCHOOL DISTRICT,TEXAS,VENEZUELA,Bachelor's,08-03-2012,30-06-2012,ELEMENTARY BILINGUAL TEACHER,965
10-09-2012,Denied,H-1B,INDIA,15-10-2014,CHARLOTTE,UNITED STATES OF AMERICA,BANK OF AMERICA,NORTH CAROLINA,INDIA,Bachelor's,15-03-2012,30-06-2012,"Software Developers, Applications",765
29-05-2012,Denied,H-1B,ARGENTINA,18-11-2014,DALLAS,UNITED STATES OF AMERICA,DALLAS INDEPENDENT SCHOOL DISTRICT,TEXAS,ARGENTINA,Bachelor's,08-03-2012,30-06-2012,ELEMENTARY BILINGUAL TEACHER,903
31-05-2012,Denied,H-1B,VENEZUELA,28-10-2014,DALLAS,UNITED STATES OF AMERICA,DALLAS INDEPENDENT SCHOOL DISTRICT,TEXAS,VENEZUELA,Bachelor's,08-03-2012,30-06-2012,ELEMENTARY BILINGUAL TEACHER,880
18-05-2012,Denied,H-1B,MEXICO,28-10-2014,DALLAS,UNITED STATES OF AMERICA,DALLAS INDEPENDENT SCHOOL DISTRICT,TEXAS,MEXICO,Bachelor's,08-03-2012,30-06-2012,Elementary Bilingual Teacher,893
18-05-2012,Denied,H-1B,COLOMBIA,28-10-2014,DALLAS,UNITED STATES OF AMERICA,DALLAS INDEPENDENT SCHOOL DISTRICT,TEXAS,COLOMBIA,Bachelor's,08-03-2012,30-06-2012,Elementary Bilingual Teacher,893
07-08-2012,Denied,H-1B,CANADA,19-05-2015,CAMBRIDGE,UNITED STATES OF AMERICA,BIOGEN IDEC,MASSACHUSETTS,HONG KONG,Bachelor's,26-01-2012,30-06-2012,Industrial Engineers,1015
31-05-2012,Denied,H-1B,INDIA,15-05-2015,SUWANEE,UNITED STATES OF AMERICA,SMARTSOFT INTERNATIONAL INC,GEORGIA,INDIA,Bachelor's,25-10-2011,30-06-2012,"Software Developers, Applications",1079
01-06-2012,Denied,H-1B,INDIA,15-01-2015,SYRACUSE,UNITED STATES OF AMERICA,CROUSE HOSPITAL,NEW YORK,INDIA,Master's,23-04-2012,22-07-2012,Physician Assistant,958
14-06-2012,Denied,Parolee,INDIA,23-06-2015,DALLAS,UNITED STATES OF AMERICA,"XEROX BUSINESS SERVICES, LLC",TEXAS,INDIA,Bachelor's,18-01-2012,30-06-2012,Computer Systems Analysts,1104
07-08-2012,Denied,L-1,VENEZUELA,26-11-2014,HOUSTON,UNITED STATES OF AMERICA,"GYRODATA, INC.",TEXAS,VENEZUELA,High School,03-02-2012,30-06-2012,"First-Line Supervisors of Mechanics, Installers, and Repairers",841
15-06-2012,Denied,H-1B,NIGERIA,28-10-2014,DALLAS,UNITED STATES OF AMERICA,DALLAS INDEPENDENT SCHOOL DISTRICT,TEXAS,NIGERIA,Bachelor's,08-03-2012,30-06-2012,Elementary Bilingual Teacher,865
03-07-2014,Certified-Expired,H-1B,INDIA,01-12-2014,IRVINE,UNITED STATES OF AMERICA,SSINFOTEK INC,CALIFORNIA,INDIA,Bachelor's,02-06-2014,31-08-2014,Programmer Analyst,151
21-12-2012,Denied,H-1B,CHINA,17-10-2014,SANTA CLARA,UNITED STATES OF AMERICA,"OMNIVISION TECHNOLOGIES, INC.",CALIFORNIA,CHINA,Master's,04-12-2012,30-06-2013,"Electronics Engineers, Except Computer",665
03-06-2012,Denied,H-1B,COLOMBIA,17-10-2014,GARLAND,UNITED STATES OF AMERICA,GARLAND INDEPENDENT SCHOOL DISTRICT,TEXAS,COLOMBIA,Bachelor's,02-02-2012,30-06-2012,SECONDARY TEACHER,866
07-06-2012,Denied,H-1B,COLOMBIA,14-11-2014,DALLAS,UNITED STATES OF AMERICA,DALLAS INDEPENDENT SCHOOL DISTRICT,TEXAS,COLOMBIA,Bachelor's,08-03-2012,30-06-2012,Elementary Bilingual Teacher,890
18-06-2012,Denied,L-1,INDIA,31-07-2015,FREMONT,UNITED STATES OF AMERICA,"IGATE GLOBAL SOLUTIONS, AN IGATE COMPANY",CALIFORNIA,INDIA,Bachelor's,27-10-2011,30-06-2012,Computer Systems Analysts,1138
22-05-2012,Denied,H-1B,INDIA,24-10-2014,PALATINE,UNITED STATES OF AMERICA,"HORIZON TECHNOLOGY PARTNERS, INC.",ILLINOIS,INDIA,Master's,31-01-2012,30-06-2012,Database Administrators,885
29-05-2012,Certified-Expired,H-1B,INDIA,06-03-2015,NEW YORK,UNITED STATES OF AMERICA,"GOLDMAN, SACHS & CO.",NEW YORK,INDIA,Master's,09-05-2012,07-08-2012,FINANCIAL MANAGERS,1011
02-06-2012,Denied,H-1B,VENEZUELA,31-07-2015,GARLAND,UNITED STATES OF AMERICA,GARLAND INDEPENDENT SCHOOL DISTRICT,TEXAS,VENEZUELA,Bachelor's,02-02-2012,30-06-2012,SECONDARY TEACHER,1154
07-06-2012,Denied,H-1B,INDIA,28-05-2015,NEW YORK,UNITED STATES OF AMERICA,MSCI INC.,NEW YORK,INDIA,Master's,29-03-2012,30-06-2012,"Software Developers, Applications",1085
29-06-2012,Denied,H-1B,INDIA,16-10-2014,FARMINGTON HILLS,UNITED STATES OF AMERICA,"MERIDIAN TECHNOLOGIES, INC",MICHIGAN,INDIA,Bachelor's,26-09-2011,30-06-2012,"Software Developer, Applications",839
31-05-2012,Denied,H-1B,MEXICO,07-04-2015,DALLAS,UNITED STATES OF AMERICA,DALLAS INDEPENDENT SCHOOL DISTRICT,TEXAS,MEXICO,Bachelor's,08-03-2012,30-06-2012,ELEMENTARY BILINGUAL TEACHER,1041
07-07-2012,Denied,H-1B,INDIA,09-06-2015,ANNAPOLIS,UNITED STATES OF AMERICA,TELECOMMUNICATION SYSTEMS,MARYLAND,INDIA,Master's,29-12-2011,30-06-2012,"Computer Software Engineers, Systems Software",1067
06-06-2014,Certified-Expired,H-1B,INDIA,14-11-2014,NORMAN,UNITED STATES OF AMERICA,THE UNIVERSITY OF OKLAHOMA,OKLAHOMA,INDIA,Doctorate,21-03-2014,30-06-2014,Assistant Professor,161
17-07-2012,Denied,H-1B,INDIA,20-10-2014,FARMINGTON HILLS,UNITED STATES OF AMERICA,HCL GLOBAL SYSTEMS INC,MICHIGAN,INDIA,Master's,24-04-2012,23-07-2012,"Software Developers, Applications",825
18-04-2012,Denied,H-1B,INDIA,20-05-2015,FRISCO,UNITED STATES OF AMERICA,"INFOSMART SYSTEMS, INC.",TEXAS,INDIA,Master's,26-09-2011,30-06-2012,"Software Developer, Applications",1127
05-04-2012,Denied,H-1B,INDIA,12-01-2015,DETROIT,UNITED STATES OF AMERICA,COMPUWARE CORPORATION,MICHIGAN,INDIA,Master's,27-01-2012,30-06-2012,Software Developer,1012
10-04-2012,Denied,H-1B,INDIA,20-05-2015,CHANTILLY,UNITED STATES OF AMERICA,ISOFTECH INC,VIRGINIA,INDIA,Master's,04-01-2012,30-06-2012,"Software Developers, Applications",1135
15-01-2015,Certified,H-1B,CHINA,01-09-2015,NORMAN,UNITED STATES OF AMERICA,THE UNIVERSITY OF OKLAHOMA,OKLAHOMA,CHINA,Bachelor's,15-09-2014,30-06-2015,"Software Developers, Applications, Non R&D",229
10-07-2012,Denied,H-1B,INDIA,16-10-2014,NORWALK,UNITED STATES OF AMERICA,FACTSET RESEARCH SYSTEMS INC.,CONNECTICUT,INDIA,Bachelor's,30-01-2012,30-06-2012,"Software Developers, Applications",828
07-06-2012,Denied,H-1B,INDIA,14-07-2015,FREMONT,UNITED STATES OF AMERICA,"E-BASE TECHNOLOGIES, INC",CALIFORNIA,INDIA,Master's,15-11-2011,30-06-2012,Computer Systems Analysts,1132
01-05-2012,Denied,Parolee,INDIA,20-05-2015,DALLAS,UNITED STATES OF AMERICA,HITACHI CONSULTING CORPORATION,TEXAS,INDIA,Master's,13-02-2012,30-06-2012,Computer and Information Systems Managers,1114
09-04-2012,Denied,H-1B,INDIA,09-06-2015,ABBOTT PARK,UNITED STATES OF AMERICA,ABBOTT LABORATORIES,ILLINOIS,SUDAN,Bachelor's,18-01-2012,30-06-2012,Computer Systems Analysts,1156
07-07-2014,Certified-Expired,H-1B,INDIA,04-12-2014,FREMONT,UNITED STATES OF AMERICA,"E-BASE TECHNOLOGIES, INC",CALIFORNIA,INDIA,Master's,24-04-2014,23-07-2014,Computer Systems Analysts,150
15-01-2015,Certified,H-1B,INDIA,30-07-2015,NEW YORK,UNITED STATES OF AMERICA,"KROLL BOND RATING AGENCY, INC.",NEW YORK,INDIA,Master's,23-09-2014,30-06-2015,Financial Analysts,196
18-07-2012,Withdrawn,H-1B,INDIA,02-10-2014,PEORIA,UNITED STATES OF AMERICA,"SQA LABS, INC",ARIZONA,INDIA,Master's,12-01-2012,30-06-2012,Computer Systems Analysts,806
03-05-2012,Denied,H-1B,INDIA,19-11-2014,ARLINGTON HEIGHTS,UNITED STATES OF AMERICA,VERINON TECHNOLOGY SOLUTIONS LIMITED,ILLINOIS,INDIA,Master's,07-02-2012,30-06-2012,"Software Developers, Applications",930
08-06-2012,Denied,H-1B,CANADA,09-01-2015,SAN JOSE,UNITED STATES OF AMERICA,"CISCO SYSTEMS, INC.",CALIFORNIA,INDIA,Bachelor's,21-03-2012,30-06-2012,"Software Developers, Systems Software",945
08-05-2012,Denied,H-1B,INDIA,09-01-2015,DETROIT,UNITED STATES OF AMERICA,COMPUWARE CORPORATION,MICHIGAN,INDIA,Master's,17-01-2012,30-06-2012,Software Developer,976
08-05-2012,Denied,H-1B,INDIA,26-01-2015,ADDISON,UNITED STATES OF AMERICA,AMERICAN INFORMATION TECHNOLOGY CORPORATION,TEXAS,INDIA,Master's,03-11-2011,30-06-2012,"Software Developers, Applications",993
06-06-2012,Denied,H-1B,INDIA,31-07-2015,SCHAUMBURG,UNITED STATES OF AMERICA,ABIS TECHNOLOGIES INC,ILLINOIS,INDIA,Bachelor's,21-10-2011,30-06-2012,Sr. Software Developer,1150
12-09-2013,Certified,H-1B,BRAZIL,24-04-2015,CHARLOTTE,UNITED STATES OF AMERICA,AREVA NP INC.,NORTH CAROLINA,BRAZIL,Master's,01-07-2013,30-06-2014,Electrical Engineers,589
22-06-2012,Denied,H-1B,INDIA,16-10-2014,HERNDON,UNITED STATES OF AMERICA,TECHNOTEC INC,VIRGINIA,INDIA,Master's,08-03-2012,30-06-2012,Sr. Software Developer,846
04-05-2012,Denied,H-1B,INDIA,14-07-2015,CANONSBURG,UNITED STATES OF AMERICA,"NESS USA, INC.",PENNSYLVANIA,INDIA,Master's,12-01-2012,30-06-2012,"Software Developers, Systems Software",1166
06-02-2012,Denied,H-1B,INDIA,09-01-2015,HOUSTON,UNITED STATES OF AMERICA,SHENOY STONE USA INC,TEXAS,INDIA,Bachelor's,19-10-2011,30-06-2012,Computer Systems Analyst,1068
26-01-2012,Denied,L-1,COLOMBIA,04-08-2015,HOUSTON,UNITED STATES OF AMERICA,INTERMODAL TANK TRANSPORT USA INC,TEXAS,COLOMBIA,High School,06-10-2011,30-06-2012,"Bookkeeping, Acccounting, and Auditing Clerks",1286
01-02-2012,Denied,H-1B,MEXICO,20-05-2015,HOUSTON,UNITED STATES OF AMERICA,ALDINE INDEPENDENT SCHOOL DISTRICT,TEXAS,MEXICO,Bachelor's,24-10-2011,30-06-2012,Bilingual Elementary School Teacher,1204
28-11-2013,Certified,H-1B,INDIA,27-05-2015,STERLING,UNITED STATES OF AMERICA,"M.C.DEAN, INC.",VIRGINIA,INDIA,Master's,12-11-2013,30-06-2014,Construction Managers,545
15-08-2012,Denied,H-1B,INDIA,12-01-2015,MILWAUKEE,UNITED STATES OF AMERICA,"REXNORD INDUSTRIES, LLC",WISCONSIN,INDIA,Bachelor's,05-07-2012,30-06-2013,SAP Senior Business Intelligence Architect/Developer,880
29-11-2012,Denied,H-1B,CANADA,21-10-2014,DALLAS,UNITED STATES OF AMERICA,"XEROX BUSINESS SERVICES, LLC",TEXAS,CHINA,Master's,06-07-2012,30-06-2013,Computer Systems Analysts,691
05-06-2013,Certified-Expired,Parolee,INDIA,09-01-2015,DALLAS,UNITED STATES OF AMERICA,"AT&T, INC., AND ALL OF ITS SUBSIDIARIES AND AFFILIATES",TEXAS,INDIA,Master's,10-08-2012,30-06-2013,"Info. Sec. Ana., Web Dev.,and Comp. Net. Arch.",583
22-06-2012,Certified,H-1B,INDIA,19-08-2015,COLLEGE STATION,UNITED STATES OF AMERICA,COGNIZANT TECHNOLOGY SOLUTIONS US CORPORATION,TEXAS,INDIA,Master's,09-01-2012,30-06-2012,"Software Developers, Applications",1153
28-08-2012,Denied,H-1B,INDIA,15-10-2014,BATAVIA,UNITED STATES OF AMERICA,APTUDE INC,ILLINOIS,INDIA,Bachelor's,08-05-2012,06-08-2012,Computer and Information Systesms Managers,778
25-01-2012,Denied,H-1B,PHILIPPINES,24-10-2014,HOLLISTER,UNITED STATES OF AMERICA,HOLLISTER SCHOOL DISTRICT,CALIFORNIA,PHILIPPINES,Master's,07-12-2011,30-06-2012,"Special Education Teachers, Preschool, Kindergarten, and Elementary School",1003
25-01-2012,Denied,H-1B,MEXICO,15-05-2015,HOUSTON,UNITED STATES OF AMERICA,ALDINE INDEPENDENT SCHOOL DISTRICT,TEXAS,MEXICO,Bachelor's,24-10-2011,30-06-2012,Bilingual Elementary School Teacher,1206
26-01-2012,Denied,H-1B,MEXICO,20-05-2015,HOUSTON,UNITED STATES OF AMERICA,ALDINE INDEPENDENT SCHOOL DISTRICT,TEXAS,MEXICO,Bachelor's,24-10-2011,30-06-2012,Bilingual Elementary School Teacher,1210
26-01-2012,Denied,H-1B,MEXICO,20-05-2015,HOUSTON,UNITED STATES OF AMERICA,ALDINE INDEPENDENT SCHOOL DISTRICT,TEXAS,MEXICO,Bachelor's,24-10-2011,30-06-2012,Bilingual Elementary School Teacher,1210
01-05-2012,Denied,H-1B,INDIA,23-12-2014,EDISON,UNITED STATES OF AMERICA,"SML SOLUTIONS, INC",NEW JERSEY,INDIA,Bachelor's,05-03-2012,30-06-2012,Senior Programmer Analyst,966
19-04-2012,Certified-Expired,H-1B,INDIA,06-04-2015,SALT LAKE CITY,UNITED STATES OF AMERICA,GOLDMAN SACHS & CO.,UTAH,INDIA,Master's,03-02-2012,30-06-2012,CREDIT ANALYSTS,1082
28-10-2013,Certified,H-1B,INDIA,01-05-2015,MOUNTAIN VIEW,UNITED STATES OF AMERICA,"XORA, INC.",CALIFORNIA,INDIA,Bachelor's,21-06-2013,19-09-2013,"Software Developers, Applications",550
13-04-2012,Certified-Expired,H-1B,HONG KONG,02-04-2015,NEW YORK,UNITED STATES OF AMERICA,"GOLDMAN, SACHS & CO.",NEW YORK,HONG KONG,Master's,02-02-2012,30-06-2012,FINANCIAL ANALYST,1084
05-04-2013,Certified-Expired,L-1,ITALY,03-10-2014,PALO ALTO,UNITED STATES OF AMERICA,HEWLETT-PACKARD COMPANY,CALIFORNIA,ITALY,Master's,18-03-2013,30-06-2013,Computer Systems Analysts,546
30-04-2012,Certified-Expired,H-1B,CHINA,19-03-2015,NEW YORK,UNITED STATES OF AMERICA,"GOLDMAN, SACHS & CO.",NEW YORK,CHINA,Master's,20-01-2012,30-06-2012,FINANCIAL MANAGERS,1053
09-07-2012,Denied,H-1B,INDIA,20-10-2014,FARMINGTON HILLS,UNITED STATES OF AMERICA,HCL GLOBAL SYSTEMS INC,MICHIGAN,INDIA,Master's,17-04-2012,16-07-2012,"Software Developers, Applications",833
23-04-2012,Certified-Expired,H-1B,TURKEY,27-03-2015,JERSEY CITY,UNITED STATES OF AMERICA,"GOLDMAN, SACHS & CO.",NEW JERSEY,TURKEY,Master's,17-02-2012,30-06-2012,ACCOUNTANTS AND AUDITORS,1068
23-02-2012,Certified-Expired,H-1B,BRAZIL,19-03-2015,NEW YORK,UNITED STATES OF AMERICA,"GOLDMAN, SACHS & CO.",NEW YORK,LEBANON,Master's,10-02-2012,30-06-2012,"SECURITIES, COMMODITIES, AND FINANCIAL SERVICES SALES AGENTS",1120
12-08-2014,Denied,E-2,ROMANIA,13-05-2015,LOS ANGELES,UNITED STATES OF AMERICA,"STANDARDVISION, LLC",CALIFORNIA,ROMANIA,Master's,13-10-2011,30-06-2012,Editors,274
06-04-2012,Denied,H-1B,INDIA,14-07-2015,PLAINSBORO,UNITED STATES OF AMERICA,VAKTECH CORPORATION LLC,NEW JERSEY,INDIA,Bachelor's,07-02-2012,30-06-2012,"Software Developers, Applications",1194
23-07-2012,Withdrawn,H-1B,INDIA,16-01-2015,SAN DIEGO,UNITED STATES OF AMERICA,"QUALCOMM, INC.",CALIFORNIA,INDIA,Master's,30-01-2012,30-06-2012,Architectural and Engineering Managers,907
08-03-2012,Certified,H-1B,INDIA,11-05-2015,NEW YORK,UNITED STATES OF AMERICA,GOLDMAN SACHS & CO.,NEW YORK,INDIA,Bachelor's,15-02-2012,30-06-2012,FINANCIAL MANAGERS,1159
12-09-2012,Certified,H-1B,INDIA,09-04-2015,SAN JOSE,UNITED STATES OF AMERICA,"ROSENDIN ELECTRIC, INC.",CALIFORNIA,INDIA,Master's,04-04-2012,03-07-2012,Computer Systems Analysts,939
29-06-2012,Denied,H-1B,INDIA,10-09-2015,PARLIN,UNITED STATES OF AMERICA,ITCAPS LLC,NEW JERSEY,INDIA,Other,13-02-2012,30-06-2012,Network Systems Administrator,1168
20-06-2012,Denied,H-1B,INDIA,31-07-2015,COLLEGE STATION,UNITED STATES OF AMERICA,COGNIZANT TECHNOLOGY SOLUTIONS US CORPORATION,TEXAS,INDIA,Bachelor's,09-01-2012,30-06-2012,"Software Developers, Applications",1136
08-10-2014,Certified-Expired,H-1B,INDIA,08-04-2015,HERNDON,UNITED STATES OF AMERICA,VISTA APPLIED SOLUTIONS GROUP INC,VIRGINIA,INDIA,Bachelor's,06-03-2014,30-06-2014,Computer Systems Analysts,182
20-06-2012,Denied,H-1B,VENEZUELA,20-10-2014,GARLAND,UNITED STATES OF AMERICA,GARLAND INDEPENDENT SCHOOL DISTRICT,TEXAS,VENEZUELA,Bachelor's,01-02-2012,30-06-2012,Elementary Teacher,852
25-06-2012,Denied,H-1B,INDIA,31-07-2015,COLLEGE STATION,UNITED STATES OF AMERICA,COGNIZANT TECHNOLOGY SOLUTIONS US CORPORATION,TEXAS,INDIA,Bachelor's,09-01-2012,30-06-2012,"Software Developers, Applications",1131
21-06-2012,Certified,H-1B,INDIA,19-08-2015,COLLEGE STATION,UNITED STATES OF AMERICA,COGNIZANT TECHNOLOGY SOLUTIONS US CORPORATION,TEXAS,INDIA,Master's,09-01-2012,30-06-2012,"Software Developers, Applications",1154
26-06-2012,Denied,H-1B,INDIA,20-08-2015,COLLEGE STATION,UNITED STATES OF AMERICA,COGNIZANT TECHNOLOGY SOLUTIONS US CORPORATION,TEXAS,INDIA,Bachelor's,09-01-2012,30-06-2012,"Software Developers, Applications",1150
26-06-2012,Certified,H-1B,INDIA,19-08-2015,COLLEGE STATION,UNITED STATES OF AMERICA,COGNIZANT TECHNOLOGY SOLUTIONS US CORPORATION,TEXAS,INDIA,Master's,09-01-2012,30-06-2012,"Software Developers, Applications",1149
28-06-2012,Denied,H-1B,INDIA,14-07-2015,SUNNYVALE,UNITED STATES OF AMERICA,HORIZON TECHNOLOGIES INC,CALIFORNIA,INDIA,Bachelor's,12-10-2011,30-06-2012,"Software Developers, Applications",1111
21-06-2012,Certified,H-1B,INDIA,19-08-2015,COLLEGE STATION,UNITED STATES OF AMERICA,COGNIZANT TECHNOLOGY SOLUTIONS US CORPORATION,TEXAS,INDIA,Master's,09-01-2012,30-06-2012,"Software Developers, Applications",1154
26-06-2012,Denied,H-1B,MEXICO,28-10-2014,DALLAS,UNITED STATES OF AMERICA,DALLAS INDEPENDENT SCHOOL DISTRICT,TEXAS,MEXICO,Bachelor's,08-03-2012,30-06-2012,ELEMENTARY BILINGUAL TEACHER,854
15-08-2012,Certified-Expired,F-1,ALBANIA,19-11-2014,SPRINGFIELD,UNITED STATES OF AMERICA,LANE COUNTY SD 19,OREGON,ALBANIA,Master's,22-06-2012,20-09-2012,Middle School Special Education Teacher,826
19-07-2012,Denied,H-1B,INDIA,16-10-2014,SOUTH PLAINFIELD,UNITED STATES OF AMERICA,THE PRINCIPAL CONSULTING INC.,NEW JERSEY,INDIA,Master's,13-06-2012,11-09-2012,Computer Programmer,819
01-10-2012,Denied,H-1B,CHINA,17-10-2014,PALO ALTO,UNITED STATES OF AMERICA,"SAP LABS, LLC",CALIFORNIA,CHINA,Bachelor's,25-04-2012,24-07-2012,"Software Developers, Applications",746
19-09-2012,Withdrawn,H-1B,INDIA,06-03-2015,CONCORD,UNITED STATES OF AMERICA,"VERISM SYSTEMS, INC",CALIFORNIA,INDIA,Bachelor's,23-03-2012,30-06-2012,Computer Systems Analysts,898
29-08-2012,Denied,H-1B,INDIA,26-01-2015,SNELLVILLE,UNITED STATES OF AMERICA,"INTELLECTPEOPLE TECHNOLOGIES, LLC.",GEORGIA,INDIA,Master's,21-06-2012,19-09-2012,Computers and Information Systems Managers,880
03-08-2012,Denied,H-1B,INDIA,24-10-2014,SAN DIEGO,UNITED STATES OF AMERICA,"SYSINTELLI, INC",CALIFORNIA,INDIA,Bachelor's,11-05-2012,09-08-2012,"Software Developers, Applications",812
28-06-2012,Denied,H-1B,MEXICO,20-05-2015,DALLAS,UNITED STATES OF AMERICA,DALLAS INDEPENDENT SCHOOL DISTRICT,TEXAS,MEXICO,Bachelor's,08-03-2012,30-06-2012,ELEMENTARY BILINGUAL TEACHER,1056
20-06-2012,Denied,H-1B,MEXICO,04-08-2015,GARLAND,UNITED STATES OF AMERICA,GARLAND INDEPENDENT SCHOOL DISTRICT,TEXAS,MEXICO,Bachelor's,01-02-2012,30-06-2012,Elementary Teacher,1140
28-06-2012,Denied,H-1B,MEXICO,11-12-2014,DALLAS,UNITED STATES OF AMERICA,DALLAS INDEPENDENT SCHOOL DISTRICT,TEXAS,MEXICO,Bachelor's,08-03-2012,30-06-2012,ELEMENTARY BILINGUAL TEACHER,896
28-06-2012,Denied,H-1B,MEXICO,20-05-2015,DALLAS,UNITED STATES OF AMERICA,DALLAS INDEPENDENT SCHOOL DISTRICT,TEXAS,MEXICO,Bachelor's,08-03-2012,30-06-2012,ELEMENTARY BILINGUAL TEACHER,1056
28-06-2012,Denied,H-1B,INDIA,15-05-2015,COLLEGE STATION,UNITED STATES OF AMERICA,COGNIZANT TECHNOLOGY SOLUTIONS US CORPORATION,TEXAS,INDIA,Bachelor's,09-01-2012,30-06-2012,"Software Developers, Applications",1051
25-06-2012,Denied,H-1B,INDIA,04-09-2015,COLLEGE STATION,UNITED STATES OF AMERICA,COGNIZANT TECHNOLOGY SOLUTIONS US CORPORATION,TEXAS,INDIA,Bachelor's,09-01-2012,30-06-2012,"Software Developers, Applications",1166
25-06-2012,Certified,L-1,INDIA,19-08-2015,COLLEGE STATION,UNITED STATES OF AMERICA,COGNIZANT TECHNOLOGY SOLUTIONS US CORPORATION,TEXAS,INDIA,Master's,09-01-2012,30-06-2012,"Software Developers, Applications",1150
28-06-2012,Denied,H-1B,PERU,24-10-2014,DALLAS,UNITED STATES OF AMERICA,DALLAS INDEPENDENT SCHOOL DISTRICT,TEXAS,PERU,Bachelor's,08-03-2012,30-06-2012,ELEMENTARY BILINGUAL TEACHER,848
25-06-2012,Certified,H-1B,INDIA,19-08-2015,COLLEGE STATION,UNITED STATES OF AMERICA,COGNIZANT TECHNOLOGY SOLUTIONS US CORPORATION,TEXAS,INDIA,Master's,09-01-2012,30-06-2012,"Software Developers, Applications",1150
27-06-2012,Denied,H-1B,INDIA,20-05-2015,COLLEGE STATION,UNITED STATES OF AMERICA,COGNIZANT TECHNOLOGY SOLUTIONS US CORPORATION,TEXAS,INDIA,Bachelor's,09-01-2012,30-06-2012,"Software Developers, Applications",1057
21-06-2012,Denied,H-1B,MEXICO,07-04-2015,DALLAS,UNITED STATES OF AMERICA,DALLAS INDEPENDENT SCHOOL DISTRICT,TEXAS,MEXICO,Bachelor's,08-03-2012,30-06-2012,ELEMENTARY BILINGUAL TEACHER,1020
29-06-2012,Denied,H-1B,INDIA,03-09-2015,COLLEGE STATION,UNITED STATES OF AMERICA,COGNIZANT TECHNOLOGY SOLUTIONS US CORPORATION,TEXAS,INDIA,Bachelor's,09-01-2012,30-06-2012,"Software Developers, Applications",1161
22-06-2012,Certified,H-1B,INDIA,19-08-2015,COLLEGE STATION,UNITED STATES OF AMERICA,COGNIZANT TECHNOLOGY SOLUTIONS US CORPORATION,TEXAS,INDIA,Master's,09-01-2012,30-06-2012,"Software Developers, Applications",1153
01-08-2013,Certified-Expired,H-1B,INDIA,31-03-2015,NEW YORK,UNITED STATES OF AMERICA,TANISHA SYSTEMS INC,NEW YORK,INDIA,Master's,20-06-2013,18-09-2013,"Software Developers, Applications",607
22-08-2012,Certified-Expired,H-1B,INDIA,03-12-2014,MADISON,UNITED STATES OF AMERICA,"ISR INFO WAY,INC",WISCONSIN,INDIA,Bachelor's,20-10-2011,30-06-2012,"Software Developers, Applications",833
12-07-2012,Denied,H-1B,INDIA,09-06-2015,ALPHARETTA,UNITED STATES OF AMERICA,"PARAMOUNT SOFTWARE SOLUTIONS, INC",GEORGIA,INDIA,Master's,30-01-2012,30-06-2012,Network & Computer Systems Administrators,1062
22-04-2013,Certified-Expired,H-1B,INDIA,08-10-2014,DALLAS,UNITED STATES OF AMERICA,"AT&T, INC., AND ALL OF ITS SUBSIDIARIES AND AFFILIATES",TEXAS,INDIA,Master's,21-09-2012,30-06-2013,"Software Developers, Applications",534
27-06-2012,Certified,H-1B,INDIA,19-08-2015,COLLEGE STATION,UNITED STATES OF AMERICA,COGNIZANT TECHNOLOGY SOLUTIONS US CORPORATION,TEXAS,INDIA,Master's,09-01-2012,30-06-2012,"Software Developers, Applications",1148
27-06-2012,Denied,H-1B,INDIA,14-07-2015,COLLEGE STATION,UNITED STATES OF AMERICA,COGNIZANT TECHNOLOGY SOLUTIONS US CORPORATION,TEXAS,INDIA,Bachelor's,09-01-2012,30-06-2012,"Software Developers, Applications",1112
26-06-2012,Denied,H-1B,INDIA,20-08-2015,COLLEGE STATION,UNITED STATES OF AMERICA,COGNIZANT TECHNOLOGY SOLUTIONS US CORPORATION,TEXAS,INDIA,Bachelor's,09-01-2012,30-06-2012,"Software Developers, Applications",1150
14-08-2012,Denied,H-1B,INDIA,12-01-2015,FARMINGTON HILLS,UNITED STATES OF AMERICA,HCL GLOBAL SYSTEMS INC,MICHIGAN,INDIA,Master's,20-06-2012,18-09-2012,"Software Developers, Applications",881
25-06-2012,Denied,H-1B,INDIA,05-03-2015,COLLEGE STATION,UNITED STATES OF AMERICA,COGNIZANT TECHNOLOGY SOLUTIONS US CORPORATION,TEXAS,INDIA,Bachelor's,09-01-2012,30-06-2012,"Software Developers, Applications",983
27-06-2012,Denied,H-1B,INDIA,07-04-2015,COLLEGE STATION,UNITED STATES OF AMERICA,COGNIZANT TECHNOLOGY SOLUTIONS US CORPORATION,TEXAS,INDIA,Bachelor's,09-01-2012,30-06-2012,"Software Developers, Applications",1014
02-04-2013,Certified-Expired,H-1B,MALAYSIA,21-10-2014,SAN MATEO,UNITED STATES OF AMERICA,SONY MOBILE COMMUNICATIONS (USA) INC.,CALIFORNIA,MALAYSIA,Bachelor's,15-10-2012,30-06-2013,"Electronics Engineers, Except Computer",567
26-06-2012,Denied,H-1B,INDIA,10-09-2015,COLLEGE STATION,UNITED STATES OF AMERICA,COGNIZANT TECHNOLOGY SOLUTIONS US CORPORATION,TEXAS,INDIA,Bachelor's,09-01-2012,30-06-2012,"Software Developers, Applications",1171
28-09-2012,Withdrawn,H-1B,TOGO,16-01-2015,OMAHA,UNITED STATES OF AMERICA,JN MEDICAL CORPORATION,NEBRASKA,TOGO,Bachelor's,26-03-2012,30-06-2012,Accountants and Auditors,840
18-06-2012,Denied,H-1B,INDIA,16-10-2014,SPRINGFIELD,UNITED STATES OF AMERICA,LEAD IT CORPORATION,ILLINOIS,INDIA,Master's,24-05-2012,22-08-2012,"Software Developers, Applications",850
15-06-2012,Denied,H-1B,CANADA,18-11-2014,DALLAS,UNITED STATES OF AMERICA,DALLAS INDEPENDENT SCHOOL DISTRICT,TEXAS,PERU,Bachelor's,08-03-2012,30-06-2012,Elementary Bilingual Teacher,886
20-06-2012,Certified,H-1B,INDIA,19-08-2015,COLLEGE STATION,UNITED STATES OF AMERICA,COGNIZANT TECHNOLOGY SOLUTIONS US CORPORATION,TEXAS,INDIA,Master's,09-01-2012,30-06-2012,"Software Developers, Applications",1155
21-12-2012,Certified-Expired,H-1B,INDIA,06-11-2014,JERSEY CITY,UNITED STATES OF AMERICA,GOLDMAN SACHS NEW JERSEY LLC,NEW JERSEY,INDIA,Bachelor's,15-03-2012,30-06-2012,"Software Developers, Applications",685
19-10-2012,Denied,E-2,SOUTH KOREA,17-10-2014,EL SEGUNDO,UNITED STATES OF AMERICA,NEXON AMERICA INC.,CALIFORNIA,SOUTH KOREA,Master's,14-08-2012,30-06-2013,"Software Developers, Applications",728
28-05-2014,Certified-Expired,H-1B,CANADA,06-10-2014,ALBUQUERQUE,UNITED STATES OF AMERICA,UNIVERSITY OF NEW MEXICO,NEW MEXICO,CANADA,Other,05-03-2014,30-06-2014,"Health Specialties Teachers, Post Secondary",131
04-10-2012,Denied,H-1B,INDIA,12-01-2015,PLANO,UNITED STATES OF AMERICA,ERICSSON INC.,TEXAS,INDIA,Master's,03-11-2011,30-06-2012,"Information Security Analysts, Web Developers, and Computer Network Architects",830
27-09-2012,Certified,H-1B,PHILIPPINES,01-06-2015,CUMBERLAND,UNITED STATES OF AMERICA,CUMBERLAND COUNTY SCHOOL BOARD,VIRGINIA,PHILIPPINES,Bachelor's,09-05-2012,07-08-2012,"Special Education Teachers, preschool, kindergarten & elementary",977
04-10-2012,Denied,H-1B,MEXICO,17-10-2014,HUMBLE,UNITED STATES OF AMERICA,HUMBLE INDEPENDENT SCHOOL DISTRICT,TEXAS,MEXICO,Bachelor's,20-10-2011,30-06-2012,Elementary School Teacher,743
20-09-2012,Denied,H-1B,INDIA,09-01-2015,PHOENIX,UNITED STATES OF AMERICA,"APOGEE MEDICAL GROUP, NEW JERSEY, PA",ARIZONA,INDIA,Doctorate,23-08-2012,30-06-2013,Internist General,841
17-08-2012,Denied,H-1B,INDIA,31-07-2015,EDISON,UNITED STATES OF AMERICA,3I INFOTECH INC.,NEW JERSEY,INDIA,Master's,17-11-2011,30-06-2012,"SOFTWARE DEVELOPERS, APPLICATIONS",1078
31-07-2012,Denied,H-1B,SOUTH KOREA,16-10-2014,DULUTH,UNITED STATES OF AMERICA,"SOFT SOURCE, INC.",GEORGIA,SOUTH KOREA,Master's,23-03-2012,30-06-2012,Civil Engineers,807
07-09-2012,Denied,H-1B,INDIA,17-10-2014,MALVERN,UNITED STATES OF AMERICA,ZODIAC SOLUTIONS,PENNSYLVANIA,INDIA,Master's,23-05-2012,21-08-2012,"Software Developers, Applications",770
20-08-2012,Denied,H-1B,INDIA,08-06-2015,ALBANY,UNITED STATES OF AMERICA,"KPR SYSTEMS, INC.",NEW YORK,INDIA,Bachelor's,20-03-2012,30-06-2015,"Software Developers, Applications",1022
25-07-2012,Denied,F-1,INDIA,09-06-2015,ISELIN,UNITED STATES OF AMERICA,INTONE NETWORKS INC,NEW JERSEY,INDIA,Master's,22-03-2012,30-06-2012,Computer Systems Analysts,1049
02-10-2012,Certified,H-1B,INDIA,29-09-2015,MORROW,UNITED STATES OF AMERICA,"GLOBAL TEACHERS RESEARCH AND RESOURCES, INC.",GEORGIA,INDIA,Bachelor's,08-08-2012,30-06-2013,Math Teacher Secondary School,1092
05-09-2012,Denied,H-1B,INDIA,03-12-2014,NORCROSS,UNITED STATES OF AMERICA,"SOFTECH INTERNATIONAL RESOURCE, INC.",GEORGIA,INDIA,Master's,15-06-2012,13-09-2012,SR PROGRAMMER,819
20-06-2012,Denied,H-1B,MEXICO,20-05-2015,DALLAS,UNITED STATES OF AMERICA,DALLAS INDEPENDENT SCHOOL DISTRICT,TEXAS,PARAGUAY,Bachelor's,08-03-2012,30-06-2012,Elementary Bilingual Teacher,1064
21-08-2012,Denied,H-1B,INDIA,21-10-2014,NEWARK,UNITED STATES OF AMERICA,OTIS INFORMATION TECHNOLOGIES INC,DELAWARE,INDIA,Master's,31-07-2012,30-06-2013,SENIOR SOFTWARE ENGINEER,791
03-06-2013,Certified-Expired,H-1B,FRANCE,07-01-2015,MOUNTAIN VIEW,UNITED STATES OF AMERICA,GOOGLE INC.,CALIFORNIA,FRANCE,Master's,12-04-2013,11-07-2013,"Software Developers, Systems Software",583
02-05-2013,Denied,H-1B,INDIA,08-12-2014,DALLAS,UNITED STATES OF AMERICA,HITACHI CONSULTING CORPORATION,TEXAS,INDIA,Master's,11-10-2012,30-06-2013,"Software Developers, Applications",585
19-09-2012,Denied,H-1B,MEXICO,19-12-2014,ATLANTA,UNITED STATES OF AMERICA,LAPTV LLC,GEORGIA,MEXICO,Bachelor's,24-04-2012,23-07-2012,Writers and Authors,821
14-11-2012,Denied,H-1B,TAIWAN,09-01-2015,SAN DIEGO,UNITED STATES OF AMERICA,QUALCOMM TECHNOLOGIES INC.,CALIFORNIA,TAIWAN,Master's,21-06-2012,19-09-2012,"Electronics Engineers, Except Computers",786
27-09-2012,Denied,H-1B,INDIA,09-03-2015,ANAHEIM HILLS,UNITED STATES OF AMERICA,ACURUS SOLUTIONS,CALIFORNIA,INDIA,Master's,16-05-2012,14-08-2012,"Software Developer, Systems Software",893
18-09-2012,Denied,H-1B,INDIA,28-09-2015,NEW YORK,UNITED STATES OF AMERICA,CREDIT SUISSE SECURITIES (USA) LLC,NEW YORK,INDIA,Master's,24-08-2012,30-06-2013,Computer Systems Analysts,1105
28-09-2012,Denied,H-1B,INDIA,09-09-2015,TRACY,UNITED STATES OF AMERICA,AKVARR INC,CALIFORNIA,INDIA,Master's,10-01-2012,30-06-2012,"software developers, applications",1076
25-09-2012,Denied,H-1B,COLOMBIA,07-08-2015,BAYBORO,UNITED STATES OF AMERICA,PAMLICO COUNTY SCHOOLS,NORTH CAROLINA,COLOMBIA,Bachelor's,12-01-2012,30-06-2012,"SECONDARY SCHOOL TEACHERS, EXCEPT SPECIAL AND CAREER",1046
19-09-2012,Denied,H-1B,NETHERLANDS,22-01-2015,SANTA CLARA,UNITED STATES OF AMERICA,INTEL CORPORATION,CALIFORNIA,NETHERLANDS,Bachelor's,03-01-2012,30-06-2012,"Software Developers, Systems Software",855
12-10-2012,Denied,H-1B,INDIA,21-10-2014,ARLINGTON HEIGHTS,UNITED STATES OF AMERICA,VERINON TECHNOLOGY SOLUTIONS LIMITED,ILLINOIS,INDIA,Master's,19-07-2012,30-06-2013,Computer Programmers,739
19-09-2012,Denied,F-1,INDIA,07-11-2014,BELLEROSE,UNITED STATES OF AMERICA,"RITNOA.,INC",NEW YORK,INDIA,Master's,13-03-2012,30-06-2012,Programmer Analyst,779
17-05-2013,Certified-Expired,H-1B,INDIA,28-11-2014,DALLAS,UNITED STATES OF AMERICA,HITACHI CONSULTING CORPORATION,TEXAS,INDIA,Master's,23-07-2012,30-06-2013,Computer and Information Systems Managers,560
03-05-2013,Certified-Expired,H-1B,INDIA,09-03-2015,DALLAS,UNITED STATES OF AMERICA,HITACHI CONSULTING CORPORATION,TEXAS,INDIA,Master's,03-10-2012,30-06-2013,Computer Systems Analysts,675
19-09-2012,Denied,H-1B,INDIA,17-08-2015,SAN RAMON,UNITED STATES OF AMERICA,TECHNOLOGY CONSULTANTS INC.,CALIFORNIA,INDIA,Master's,11-01-2012,30-06-2012,"software developers, applications",1062
01-10-2012,Denied,H-1B,NEPAL,03-11-2014,ORLANDO,UNITED STATES OF AMERICA,ADVENTIST HEALTH SYSTEM/SUNBELT INC D/B/A FLORIDA,FLORIDA,NEPAL,Bachelor's,27-01-2012,30-06-2012,Medical and Clinical Laboratory Technologists,763
26-04-2013,Certified-Expired,H-1B,INDIA,10-10-2014,VALENCIA,UNITED STATES OF AMERICA,AEROSPACE SERVICE & CONTROLS,CALIFORNIA,INDIA,Bachelor's,22-01-2013,30-06-2013,Mechanical Engineers,532
28-09-2012,Withdrawn,H-1B,INDIA,15-04-2015,GAHANNA,UNITED STATES OF AMERICA,DEEMSYS INC,OHIO,INDIA,Master's,17-04-2012,16-07-2012,"Software Developers, Applications",929
14-09-2012,Denied,H-1B,INDIA,21-05-2015,NEW YORK,UNITED STATES OF AMERICA,"COLLECTIVE, INC. D.B.A. COLLECTIVE MEDIA",NEW YORK,INDIA,Bachelor's,20-03-2012,30-06-2012,USER INTERFACE SOFTWARE ENGINEER,979
09-11-2012,Certified-Expired,H-1B,INDIA,07-11-2014,PLAINSBORO,UNITED STATES OF AMERICA,"COMPUNNEL SOFTWARE GROUP, INC.",NEW JERSEY,INDIA,Master's,20-07-2012,30-06-2013,"Software Developer, Applications",728
17-09-2012,Certified-Expired,H-1B,TAIWAN,20-03-2015,NEW YORK,UNITED STATES OF AMERICA,"GOLDMAN, SACHS & CO.",NEW YORK,TAIWAN,Master's,27-08-2012,30-06-2013,ACCOUNTANTS AND AUDITORS,914
03-10-2012,Denied,E-2,SOUTH KOREA,30-04-2015,BUENA PARK,UNITED STATES OF AMERICA,"CREATIVEA, INC.",CALIFORNIA,SOUTH KOREA,Bachelor's,23-07-2012,30-06-2013,Art Directors,939
18-09-2012,Denied,L-1,PHILIPPINES,15-10-2014,RENO,UNITED STATES OF AMERICA,"ORMAT TECHNOLOGIES, INC.",NEVADA,PHILIPPINES,High School,19-04-2012,18-07-2012,"Mobile Heavy Equipment Mechanics, Except Engines",757
14-09-2012,Denied,H-1B,PHILIPPINES,09-09-2015,AJO,UNITED STATES OF AMERICA,AJO UNIFIED SCHOOL DISTRICT #15,ARIZONA,PHILIPPINES,Master's,08-06-2012,06-09-2012,Librarian,1090
01-10-2012,Denied,TN,CANADA,05-08-2015,ASHBURN,UNITED STATES OF AMERICA,VIEWSOFT INC.,VIRGINIA,BANGLADESH,Master's,09-05-2012,07-08-2012,Market Research Analyst,1038
17-10-2012,Certified-Expired,B-1,SOUTH KOREA,09-10-2014,LUVERNE,UNITED STATES OF AMERICA,SMART ALABAMA LLC,ALABAMA,SOUTH KOREA,High School,03-07-2012,30-06-2013,Electrical and Electronics Engineering Technicians,722
21-09-2012,Denied,H-1B,CHINA,15-10-2014,FLUSHING,UNITED STATES OF AMERICA,"WEI, WEI & CO., LLP",NEW YORK,CHINA,Master's,01-06-2012,30-08-2012,Accountants and Auditors,754
18-09-2012,Certified-Expired,H-1B,INDIA,02-04-2015,SAN JOSE,UNITED STATES OF AMERICA,"BROCADE COMMUNICATIONS SYSTEMS, INC.",CALIFORNIA,INDIA,Master's,02-07-2012,30-06-2013,"Software Developers, Systems Software",926
01-05-2013,Certified-Expired,H-1B,INDIA,12-12-2014,ATLANTA,UNITED STATES OF AMERICA,"MANHATTAN ASSOCIATES, INC.",GEORGIA,INDIA,Bachelor's,02-08-2012,30-06-2013,Computer Systems Analysts,590
02-08-2013,Certified-Expired,H-1B,INDIA,17-03-2015,NEW YORK,UNITED STATES OF AMERICA,"VERIZON COMMUNICATIONS INC., & ALL ITS SUBSIDIARIES & AFFILIATES",NEW YORK,INDIA,Bachelor's,09-01-2013,30-06-2013,"Software Developers, Applications",592
07-08-2012,Denied,H-1B,INDIA,27-05-2015,DALLAS,UNITED STATES OF AMERICA,"BUSINESS INTELLI SOLUTIONS, INC.",TEXAS,INDIA,Master's,06-07-2012,30-06-2013,Computer Systems Analysts,1023
31-07-2012,Denied,H-1B,PHILIPPINES,21-10-2014,GALLUP,UNITED STATES OF AMERICA,GALLUP MCKINLEY COUNTY SCHOOLS,NEW MEXICO,PHILIPPINES,Bachelor's,13-04-2012,12-07-2012,Instructional Coordinators,812
27-08-2013,Certified-Expired,H-1B,INDIA,01-04-2015,NEW YORK,UNITED STATES OF AMERICA,"VERIZON COMMUNICATIONS INC., & ALL ITS SUBSIDIARIES & AFFILIATES",NEW YORK,INDIA,Master's,24-06-2013,22-09-2013,"Software Developers, Systems Software",582
09-11-2012,Denied,H-1B,CANADA,21-10-2014,DES PLAINES,UNITED STATES OF AMERICA,FOUNDERS INSURANCE COMPANY,ILLINOIS,CANADA,Bachelor's,17-10-2012,30-06-2013,Computer and Information Systems Managers,711
21-06-2013,Certified-Expired,H-1B,INDIA,30-01-2015,JERSEY CITY,UNITED STATES OF AMERICA,"LORD, ABBETT & CO. LLC",NEW JERSEY,INDIA,Bachelor's,06-02-2013,30-06-2013,"Software Developers, Applications",588
13-08-2012,Denied,H-1B,INDIA,24-10-2014,SAN DIEGO,UNITED STATES OF AMERICA,"SYSINTELLI, INC",CALIFORNIA,INDIA,Master's,05-04-2012,04-07-2012,"Software Developers, Applications",802
22-12-2013,Certified,H-1B,CANADA,11-06-2015,RICHARDSON,UNITED STATES OF AMERICA,LENNOX INTERNATIONAL INC. & ALL SUBSIDIARIES & AFF,TEXAS,CANADA,Bachelor's,13-06-2013,11-09-2013,Mechanical Engineers,536
13-09-2012,Denied,H-1B,INDIA,12-01-2015,LANSING,UNITED STATES OF AMERICA,"IDV SOLUTIONS, LLC",MICHIGAN,INDIA,Master's,20-08-2012,30-06-2013,Program Manager,851
11-07-2012,Denied,H-1B,INDIA,02-01-2015,NORTH BRUNSWICK,UNITED STATES OF AMERICA,INFOVISION TECHNOLOGIES INC,NEW JERSEY,INDIA,Master's,13-04-2012,12-07-2012,Database Administrator,905
15-07-2013,Certified-Expired,H-1B,CHILE,12-03-2015,AUDUBON,UNITED STATES OF AMERICA,PJM INTERCONNECTION,PENNSYLVANIA,CHILE,Master's,17-04-2013,16-07-2013,Industrial Engineers,605
30-06-2012,Denied,H-1B,INDIA,21-08-2015,COLLEGE STATION,UNITED STATES OF AMERICA,COGNIZANT TECHNOLOGY SOLUTIONS US CORPORATION,TEXAS,INDIA,Bachelor's,09-01-2012,30-06-2012,"Software Developers, Applications",1147
01-11-2012,Denied,H-1B,INDIA,17-12-2014,PISCATAWAY,UNITED STATES OF AMERICA,"MARLABS, INC",NEW JERSEY,INDIA,Master's,11-09-2012,30-06-2013,"Software Developers, Applications",776
12-09-2012,Certified-Expired,H-1B,INDIA,03-12-2014,NEW YORK,UNITED STATES OF AMERICA,"CHARTIS GLOBAL CLAIMS SERVICES, INC.",NEW YORK,INDIA,Bachelor's,08-06-2012,06-09-2012,Computer Systems Analysts,812
18-10-2012,Denied,H-1B,INDIA,16-10-2014,HIGH POINT,UNITED STATES OF AMERICA,"NEW BREED, INC.",NORTH CAROLINA,INDIA,Bachelor's,21-09-2012,30-06-2013,Integration Coordinator/Software Developer,728
28-06-2013,Certified-Expired,H-1B,INDIA,10-02-2015,SARATOGA SPRINGS,UNITED STATES OF AMERICA,SUNY EMPIRE STATE COLLEGE,NEW YORK,INDIA,Master's,02-08-2012,30-06-2013,Database Administrators,592
08-08-2012,Withdrawn,H-1B,INDIA,12-01-2015,MORRISTOWN,UNITED STATES OF AMERICA,"HONEYWELL INTERNATIONAL, INC.",NEW JERSEY,INDIA,Bachelor's,09-01-2012,30-06-2012,Chemical Engineers,887
08-09-2012,Denied,H-1B,INDIA,14-10-2014,EDISON,UNITED STATES OF AMERICA,"RAMPS INTERNATIONAL, INC",NEW JERSEY,INDIA,Master's,17-04-2012,15-07-2012,"Software Developer, Applications",766
19-11-2013,Certified,H-1B,INDIA,15-05-2015,DALLAS,UNITED STATES OF AMERICA,"AT&T, INC., AND ALL OF ITS SUBSIDIARIES AND AFFILIATES",TEXAS,INDIA,Bachelor's,21-09-2012,30-06-2013,"Electronics Engineers, Except Computer",542
04-08-2013,Certified-Expired,F-1,INDIA,01-04-2015,TROY,UNITED STATES OF AMERICA,MARTINREA METAL INDUSTRIES,MICHIGAN,INDIA,Master's,14-12-2012,30-06-2013,Mechanical Engineer,605
21-08-2012,Denied,H-1B,IRELAND,15-10-2014,RESTON,UNITED STATES OF AMERICA,RIVET LOGIC CORPORATION,VIRGINIA,IRELAND,Bachelor's,02-07-2012,30-06-2013,"Software Developers, Applications",785
30-08-2012,Denied,H-1B,INDIA,09-01-2015,NORTH PROVIDENCE,UNITED STATES OF AMERICA,SYSCONS CORPORATION,RHODE ISLAND,INDIA,Master's,16-03-2012,30-06-2012,"Software Developers, Applications",862
17-08-2012,Denied,H-1B,INDIA,29-09-2015,ISELIN,UNITED STATES OF AMERICA,VEDICSOFT SOLUTIONS INC,NEW JERSEY,INDIA,Master's,19-04-2012,18-07-2012,"Software Developers, Applications",1138
10-06-2013,Certified-Expired,H-1B,INDIA,10-02-2015,ATLANTA,UNITED STATES OF AMERICA,"MANHATTAN ASSOCIATES, INC.",GEORGIA,INDIA,Bachelor's,24-05-2013,22-08-2013,Computer Systems Analysts,610
14-09-2012,Certified-Expired,H-1B,INDIA,08-12-2014,DALLAS,UNITED STATES OF AMERICA,"XEROX BUSINESS SERVICES, LLC",TEXAS,INDIA,Bachelor's,16-02-2012,30-06-2012,"Software Developers, Applications",815
25-02-2013,Certified-Expired,H-1B,INDIA,02-10-2014,COLUMBIA,UNITED STATES OF AMERICA,"FEI.COM, INC",MARYLAND,INDIA,Master's,19-11-2012,30-06-2013,"Software Developers, Applications",584
03-07-2013,Certified-Expired,H-1B,INDIA,03-03-2015,ATLANTA,UNITED STATES OF AMERICA,"MANHATTAN ASSOCIATES, INC.",GEORGIA,INDIA,Bachelor's,16-11-2012,30-06-2013,Computer Systems Analysts,608
04-09-2012,Denied,H-1B,INDIA,06-03-2015,PLANO,UNITED STATES OF AMERICA,"NTT DATA, INC",TEXAS,INDIA,Bachelor's,25-05-2012,23-08-2012,"Software Developers, Applications",913
23-10-2012,Certified-Expired,H-1B,PHILIPPINES,06-10-2014,FOSTER CITY,UNITED STATES OF AMERICA,SAN MATEO-FOSTER CITY SCHOOL DISTRICT,CALIFORNIA,PHILIPPINES,Bachelor's,13-08-2012,30-06-2013,"Special Education Teachers, Preschool, Kindergarten, and Elementary School*",713
04-09-2012,Certified-Expired,L-2,INDIA,12-12-2014,FARMINGTON HILLS,UNITED STATES OF AMERICA,"MERIDIAN TECHNOLOGIES, INC",MICHIGAN,INDIA,Master's,28-08-2012,30-06-2013,"Software Developer, Applications",829
18-10-2012,Denied,H-1B,INDIA,21-05-2015,DAYTON,UNITED STATES OF AMERICA,ARDENT TECHNOLOGIES INC,OHIO,INDIA,Master's,11-05-2012,09-08-2012,"Software Developers, Applications",945
08-09-2012,Denied,H-1B,INDIA,14-10-2014,EDISON,UNITED STATES OF AMERICA,"RAMPS INTERNATIONAL, INC",NEW JERSEY,INDIA,Master's,16-04-2012,15-07-2012,"Software Developer, Applications",766
30-05-2013,Certified-Expired,H-1B,LEBANON,04-12-2014,HOUSTON,UNITED STATES OF AMERICA,"NATIONAL OILWELL VARCO, L.P.",TEXAS,LEBANON,Master's,05-11-2012,30-06-2013,"Electronics Engineers, Except Computer",553
12-09-2012,Denied,H-1B,INDIA,07-08-2015,DES PLAINES,UNITED STATES OF AMERICA,AIM BIG INC.D/B/A AXIOM TECHNOLOGY GROUP,ILLINOIS,INDIA,Master's,09-07-2012,30-06-2013,Software Engineer,1059
14-08-2012,Denied,H-1B,INDIA,26-02-2015,ISELIN,UNITED STATES OF AMERICA,VEDICSOFT SOLUTIONS INC,NEW JERSEY,INDIA,Master's,28-03-2012,30-06-2012,"Software Developers, Applications",926
20-07-2012,Withdrawn,H-1B,INDIA,04-06-2015,NEW YORK,UNITED STATES OF AMERICA,"GOLDMAN, SACHS & CO.",NEW YORK,INDIA,Master's,10-07-2012,30-06-2013,FINANCIAL MANAGERS,1049
07-11-2012,Denied,H-1B,INDIA,21-10-2014,WASHINGTON,UNITED STATES OF AMERICA,UNIVERSAL SERVICE ADMINISTRATIVE COMPANY,DISTRICT OF COLUMBIA,INDIA,Bachelor's,24-10-2011,30-06-2012,"Software Developers, Applications",713
27-07-2012,Denied,H-1B,INDIA,05-08-2015,LIVERPOOL,UNITED STATES OF AMERICA,"MCGI TEC, INC",NEW YORK,INDIA,Master's,30-04-2012,29-07-2012,"Software Developers, Applications",1104
26-08-2012,Withdrawn,H-1B,INDIA,02-07-2015,BETHESDA,UNITED STATES OF AMERICA,BUSINESS INTEGRA INC.,MARYLAND,INDIA,Bachelor's,25-06-2012,23-09-2012,"Software Developers, Applications",1040
07-08-2012,Denied,H-1B,INDIA,15-10-2014,MAHWAH,UNITED STATES OF AMERICA,"FABERGENT, INC.",NEW JERSEY,INDIA,Master's,24-02-2012,30-06-2012,Computer Systems Analysts,799
16-07-2012,Denied,H-1B,PHILIPPINES,22-06-2015,GALLUP,UNITED STATES OF AMERICA,GALLUP MCKINLEY COUNTY SCHOOLS,NEW MEXICO,PHILIPPINES,Bachelor's,13-04-2012,12-07-2012,"Special Education Teachers, Secondary School",1071
22-07-2012,Denied,H-1B,PHILIPPINES,18-11-2014,DALLAS,UNITED STATES OF AMERICA,DALLAS INDEPENDENT SCHOOL DISTRICT,TEXAS,PHILIPPINES,Bachelor's,23-04-2012,22-07-2012,Middle School Math Teacher,849
20-08-2012,Denied,H-1B,INDIA,17-12-2014,ALBANY,UNITED STATES OF AMERICA,"KPR SYSTEMS, INC.",NEW YORK,INDIA,Bachelor's,20-03-2012,30-06-2015,"Software Developers, Applications",849
16-09-2013,Certified,H-1B,TURKEY,22-04-2015,INDIANAPOLIS,UNITED STATES OF AMERICA,INDIANA MATH AND SCIENCE ACADEMY-INDIANAPOLIS INC.,INDIANA,TURKEY,Master's,18-06-2013,16-09-2013,FINANCIAL MANAGERS,583
22-07-2012,Denied,H-1B,PHILIPPINES,24-10-2014,DALLAS,UNITED STATES OF AMERICA,DALLAS INDEPENDENT SCHOOL DISTRICT,TEXAS,PHILIPPINES,Bachelor's,23-04-2012,22-07-2012,Middle School Science Teacher,824
31-05-2013,Certified-Expired,H-1B,INDIA,04-12-2014,DALLAS,UNITED STATES OF AMERICA,"AT&T, INC., AND ALL OF ITS SUBSIDIARIES AND AFFILIATES",TEXAS,INDIA,Bachelor's,25-09-2012,30-06-2013,Database Administrators,552
22-07-2012,Denied,H-1B,TOGO,21-05-2015,DALLAS,UNITED STATES OF AMERICA,DALLAS INDEPENDENT SCHOOL DISTRICT,TEXAS,TOGO,Bachelor's,23-04-2012,22-07-2012,Middle School Science Teacher,1033
22-07-2012,Denied,H-1B,PHILIPPINES,23-06-2015,DALLAS,UNITED STATES OF AMERICA,DALLAS INDEPENDENT SCHOOL DISTRICT,TEXAS,PHILIPPINES,Bachelor's,23-04-2012,22-07-2012,Middle School Science Teacher,1066
22-07-2012,Denied,H-1B,GRENADA,21-05-2015,DALLAS,UNITED STATES OF AMERICA,DALLAS INDEPENDENT SCHOOL DISTRICT,TEXAS,GRENADA,Bachelor's,23-04-2012,22-07-2012,Middle School Science Teacher,1033
17-07-2012,Denied,H-1B,INDIA,21-10-2014,SOUTH WINDSOR,UNITED STATES OF AMERICA,CREDENT TECHNOLOGIES LLC,CONNECTICUT,INDIA,Master's,30-03-2012,30-06-2012,"Software Developers, Applications",826
31-07-2012,Denied,H-1B,INDIA,04-09-2015,CAMBRIDGE,UNITED STATES OF AMERICA,"PATNI AMERICAS, INC.",MASSACHUSETTS,INDIA,Bachelor's,10-01-2012,30-06-2012,"Software Developers, Applications",1130
14-05-2013,Certified-Expired,H-1B,INDIA,16-12-2014,NEW YORK,UNITED STATES OF AMERICA,"VERIZON COMMUNICATIONS INC., & ALL ITS SUBSIDIARIES & AFFILIATES",NEW YORK,INDIA,Bachelor's,08-01-2013,30-06-2013,"Software Developers, Applications",581
08-08-2012,Denied,H-1B,TAIWAN,26-02-2015,CHAMPAIGN,UNITED STATES OF AMERICA,"WOLFRAM RESEARCH, INC.",ILLINOIS,TAIWAN,Bachelor's,16-12-2011,30-06-2012,"Software Developers, Applications",932
22-07-2012,Denied,H-1B,ST LUCIA,22-06-2015,DALLAS,UNITED STATES OF AMERICA,DALLAS INDEPENDENT SCHOOL DISTRICT,TEXAS,ST LUCIA,Bachelor's,23-04-2012,22-07-2012,Middle School Math Teacher,1065
27-07-2012,Denied,H-1B,INDIA,13-08-2015,WIXOM,UNITED STATES OF AMERICA,COMP CONSULTS INC,MICHIGAN,INDIA,Master's,02-07-2012,30-06-2013,Computer Systems Analyst,1112
10-02-2015,Certified,H-1B,INDIA,03-09-2015,NEW BRUNSWICK,UNITED STATES OF AMERICA,"MCS GLOBAL, INC.",NEW JERSEY,INDIA,Bachelor's,25-07-2014,30-06-2015,"Software Developers, Applications",205
06-09-2012,Denied,H-1B,INDIA,22-12-2014,NORTHVILLE,UNITED STATES OF AMERICA,"PEGASYS SYSTEMS & TECHNOLOGIES, INC",MICHIGAN,INDIA,Master's,19-06-2012,17-09-2012,Programmer Analyst,837
26-07-2012,Denied,H-1B,VIETNAM,13-08-2015,LAGUNA NIGUEL,UNITED STATES OF AMERICA,ANALYZER INTERNATIONAL INC.,CALIFORNIA,VIETNAM,Master's,25-06-2012,23-09-2012,Civil Engineers,1113
11-09-2012,Denied,H-1B,INDIA,09-01-2015,SANTA CLARA,UNITED STATES OF AMERICA,INTEL CORPORATION,CALIFORNIA,INDIA,Master's,14-11-2011,30-06-2012,Materials Engineers,850
24-07-2012,Denied,H-1B,INDIA,31-07-2015,SAN RAMON,UNITED STATES OF AMERICA,TECHNOLOGY CONSULTANTS INC.,CALIFORNIA,INDIA,Bachelor's,11-01-2012,30-06-2012,"software developers, applications",1102
22-05-2014,Certified-Expired,H-1B,INDIA,02-10-2014,HAWTHORNE,UNITED STATES OF AMERICA,SPACELABS HEALTHCARE LLC,CALIFORNIA,INDIA,Master's,10-01-2014,30-06-2014,Network and Computer Systems Administrators,133
22-07-2012,Denied,H-1B,PHILIPPINES,14-05-2015,DALLAS,UNITED STATES OF AMERICA,DALLAS INDEPENDENT SCHOOL DISTRICT,TEXAS,PHILIPPINES,Bachelor's,23-04-2012,22-07-2012,Middle School Science Teacher,1026
31-07-2012,Denied,H-1B,THAILAND,21-05-2015,KANSAS CITY,UNITED STATES OF AMERICA,"SHINN FU COMPANY OF AMERICA, INC.",MISSOURI,THAILAND,Master's,04-05-2012,02-08-2012,Graphic Designer,1024
30-08-2012,Denied,H-1B,CANADA,28-08-2015,MOUNTAIN VIEW,UNITED STATES OF AMERICA,GOOGLE INC.,CALIFORNIA,HONG KONG,Master's,01-02-2012,30-06-2012,"Software Developers, Systems Software",1093
20-07-2012,Withdrawn,F-1,PHILIPPINES,20-03-2015,NEW YORK,UNITED STATES OF AMERICA,GOLDMAN SACHS & CO.,NEW YORK,THAILAND,Master's,05-07-2012,30-06-2013,FINANCIAL ANALYSTS,973
12-07-2012,Denied,E-2,SOUTH KOREA,17-10-2014,CUSSETA,UNITED STATES OF AMERICA,"JOON, LLC D/B/A AJIN USA",ALABAMA,SOUTH KOREA,High School,04-06-2012,02-09-2012,First-Line Supervisors of Production and Operating Workers,827
25-10-2012,Denied,H-1B,INDIA,21-05-2015,PALO ALTO,UNITED STATES OF AMERICA,INTEGRAL DEVELOPMENT CORP.,CALIFORNIA,INDIA,Bachelor's,15-08-2012,30-06-2013,Software Engineer,938
13-09-2012,Certified-Expired,H-1B,TAIWAN,21-10-2014,REDWOOD CITY,UNITED STATES OF AMERICA,"SHUTTERFLY, INC.",CALIFORNIA,TAIWAN,Master's,08-06-2012,06-09-2012,Marketing Manager,768
23-04-2013,Certified-Expired,E-2,TURKEY,08-01-2015,NEW YORK,UNITED STATES OF AMERICA,"ALA TURK, INC.",NEW YORK,TURKEY,Bachelor's,02-01-2013,30-06-2013,Food Service Managers,625
18-10-2012,Denied,H-1B,INDIA,09-06-2015,DUBLIN,UNITED STATES OF AMERICA,CARDINAL HEALTH,OHIO,INDIA,Bachelor's,05-04-2012,30-06-2012,Database Administrators,964
02-11-2012,Denied,H-1B,INDIA,15-05-2015,ISELIN,UNITED STATES OF AMERICA,"RESOURCE LOGISTICS, INC.",NEW JERSEY,INDIA,Master's,23-10-2012,30-06-2013,"Software Developers, Applications",924
30-06-2012,Denied,H-1B,INDIA,04-08-2015,COLLEGE STATION,UNITED STATES OF AMERICA,COGNIZANT TECHNOLOGY SOLUTIONS US CORPORATION,TEXAS,INDIA,Bachelor's,09-01-2012,30-06-2012,"Software Developers, Applications",1130
13-09-2012,Denied,H-1B,INDIA,15-10-2014,BOSTON,UNITED STATES OF AMERICA,ATEA TECHNOLOGIES LLC.,MASSACHUSETTS,INDIA,Bachelor's,30-04-2012,29-07-2012,"Software Developers, Applications",762
06-02-2013,Denied,H-1B,INDIA,13-01-2015,SANTA CLARA,UNITED STATES OF AMERICA,INTEL CORPORATION,CALIFORNIA,OMAN,Master's,02-10-2012,30-06-2013,"Electronics Engineers, Except Computer",706
14-02-2013,Denied,H-1B,INDIA,27-05-2015,SANTA CLARA,UNITED STATES OF AMERICA,INTEL CORPORATION,CALIFORNIA,INDIA,Master's,20-11-2012,30-06-2013,"Software Developers, Systems Software",832
05-02-2013,Denied,H-1B,INDIA,15-05-2015,SANTA CLARA,UNITED STATES OF AMERICA,INTEL CORPORATION,CALIFORNIA,INDIA,Master's,24-08-2012,30-06-2013,"Electronics Engineers, Except Computer",829
21-12-2012,Certified-Expired,H-1B,INDIA,24-10-2014,NEW YORK,UNITED STATES OF AMERICA,GOLDMAN SACHS & CO.,NEW YORK,INDIA,Master's,14-03-2012,30-06-2012,"Software Developer, Applications",672
02-11-2012,Denied,H-1B,INDIA,23-09-2015,PALO ALTO,UNITED STATES OF AMERICA,"SAP LABS, LLC",CALIFORNIA,INDIA,Bachelor's,23-04-2012,22-07-2012,"Software Developers, Applications",1055
14-09-2012,Withdrawn,H-1B,INDIA,15-01-2015,ST.LOUIS,UNITED STATES OF AMERICA,"TECHNOSMARTS,INC.",MISSOURI,INDIA,Master's,02-05-2012,31-07-2012,Software Developers,853
16-06-2012,Denied,H-1B,INDIA,10-09-2015,COLLEGE STATION,UNITED STATES OF AMERICA,COGNIZANT TECHNOLOGY SOLUTIONS US CORPORATION,TEXAS,INDIA,Bachelor's,09-01-2012,30-06-2012,"Software Developers, Applications",1181
30-10-2012,Certified-Expired,H-1B,INDIA,06-10-2014,MOUNTAIN VIEW,UNITED STATES OF AMERICA,GOOGLE INC.,CALIFORNIA,INDIA,Master's,03-10-2012,30-06-2013,Market Research Analysts and Marketing Specialists,706
12-09-2012,Denied,H-1B,INDIA,14-10-2014,CHARLOTTE,UNITED STATES OF AMERICA,"TEK PEOPLE ONLINE, INC",NORTH CAROLINA,INDIA,Master's,07-02-2012,30-06-2012,"Software Developers, Applications",762
06-11-2012,Denied,H-1B,INDIA,15-05-2015,ISELIN,UNITED STATES OF AMERICA,"RESOURCE LOGISTICS, INC.",NEW JERSEY,INDIA,Master's,23-10-2012,30-06-2013,Computer Systems Analysts,920
11-10-2012,Denied,H-1B,CANADA,14-10-2014,DENVER,UNITED STATES OF AMERICA,LEPRINO FOODS COMPANY,COLORADO,CANADA,Bachelor's,24-07-2012,30-06-2013,"First-Line Supervisors of Mechanics, Installers, and Repairers",733
16-10-2012,Denied,H-1B,TURKEY,16-10-2014,MOUNTAIN VIEW,UNITED STATES OF AMERICA,GOOGLE INC.,CALIFORNIA,TURKEY,Master's,01-03-2012,30-06-2012,"Software Developers, Applications",730
29-08-2012,Denied,H-1B,SOUTH KOREA,17-09-2015,DORAVILLE,UNITED STATES OF AMERICA,"BESCO BEAUTY, INC.",GEORGIA,SOUTH KOREA,Bachelor's,04-06-2012,02-09-2012,Operations Research Analyst,1114
03-06-2013,Certified-Expired,H-1B,INDIA,12-01-2015,EDISON,UNITED STATES OF AMERICA,"ECOM SOLUTIONS INC.,",NEW JERSEY,INDIA,Associate's,19-03-2013,30-06-2013,"Software Developers, Applications",588
30-04-2013,Certified-Expired,H-1B,INDIA,29-10-2014,PORTLAND,UNITED STATES OF AMERICA,"UTI, UNITED STATES, INC.",OREGON,INDIA,Master's,23-01-2013,30-06-2013,"Software Developers, Applications",547
21-12-2012,Certified-Expired,L-1,GERMANY,30-10-2014,JERSEY CITY,UNITED STATES OF AMERICA,GOLDMAN SACHS NEW JERSEY LLC,NEW JERSEY,GERMANY,Bachelor's,29-02-2012,30-06-2012,Computer Systems Analysts,678
05-11-2012,Denied,H-1B,INDIA,03-12-2014,BURLINGTON,UNITED STATES OF AMERICA,M & R CONSULTANTS CORP.,MASSACHUSETTS,INDIA,Master's,09-07-2012,30-06-2013,"Software Developers, Applications",758
20-05-2014,Certified-Expired,H-1B,INDIA,07-10-2014,IRVING,UNITED STATES OF AMERICA,"INTELLISOFT TECHNOLOGIES, INC.",TEXAS,INDIA,Master's,18-03-2014,30-06-2014,"Software Developers, Applications",140
21-01-2013,Withdrawn,H-1B,INDIA,26-03-2015,COLLEGE STATION,UNITED STATES OF AMERICA,COGNIZANT TECHNOLOGY SOLUTIONS US CORPORATION,TEXAS,INDIA,Bachelor's,22-06-2012,20-09-2012,Computer Systems Analyst,794
10-06-2013,Certified-Expired,H-1B,INDIA,05-01-2015,BOISE,UNITED STATES OF AMERICA,"MICRON TECHNOLOGY, INC.",IDAHO,INDIA,Master's,26-11-2012,30-06-2013,Materials Engineers,574
29-06-2012,Denied,H-1B,INDIA,31-07-2015,COLLEGE STATION,UNITED STATES OF AMERICA,COGNIZANT TECHNOLOGY SOLUTIONS US CORPORATION,TEXAS,INDIA,Bachelor's,09-01-2012,30-06-2012,"Software Developers, Applications",1127
21-07-2012,Denied,H-1B,INDIA,24-10-2014,DALLAS,UNITED STATES OF AMERICA,DALLAS INDEPENDENT SCHOOL DISTRICT,TEXAS,INDIA,Bachelor's,23-04-2012,22-07-2012,Middle School Math Teacher,825
09-07-2012,Denied,H-1B,INDIA,15-06-2015,FOLSOM,UNITED STATES OF AMERICA,SPARTA CONSULTING,CALIFORNIA,INDIA,Master's,04-06-2012,02-09-2012,Computer Systems Analyst,1071
24-08-2012,Denied,H-1B,SOUTH KOREA,09-01-2015,SANTA CLARA,UNITED STATES OF AMERICA,INTEL CORPORATION,CALIFORNIA,SOUTH KOREA,Doctorate,31-01-2012,30-06-2012,"Electronics Engineers, Except Computer",868
06-09-2012,Denied,H-1B,CANADA,22-01-2015,SANTA CLARA,UNITED STATES OF AMERICA,INTEL CORPORATION,CALIFORNIA,CHINA,Bachelor's,09-12-2011,30-06-2012,"Electronics Engineers, Except Computer",868
07-09-2012,Denied,H-1B,INDIA,20-05-2015,PLANO,UNITED STATES OF AMERICA,"NTT DATA, INC",TEXAS,INDIA,Bachelor's,25-05-2012,23-08-2012,"Software Developers, Applications",985
12-09-2012,Denied,H-1B,INDIA,06-10-2014,PLANO,UNITED STATES OF AMERICA,"NTT DATA, INC",TEXAS,INDIA,Master's,22-03-2012,30-06-2012,"Software Developers, Applications",754
19-09-2012,Denied,E-1,ISRAEL,23-10-2014,WILLMAR,UNITED STATES OF AMERICA,WILLMAR POULTRY COMPANY,MINNESOTA,ISRAEL,High School,30-05-2012,28-08-2012,"Farmers, Ranchers and Other Agricultural Managers",764
26-06-2013,Certified-Expired,H-1B,INDIA,09-02-2015,DALLAS,UNITED STATES OF AMERICA,HITACHI CONSULTING CORPORATION,TEXAS,INDIA,Master's,04-10-2012,30-06-2013,"Software Developers, Applications",593
14-09-2012,Denied,H-1B,INDIA,16-12-2014,ARLINGTON HEIGHTS,UNITED STATES OF AMERICA,VERINON TECHNOLOGY SOLUTIONS LIMITED,ILLINOIS,INDIA,Master's,19-07-2012,30-06-2013,Computer Programmers,823
04-09-2012,Denied,H-1B,INDIA,15-10-2014,FARMINGTON HILLS,UNITED STATES OF AMERICA,EMERGTECH BUSINESS SOLUTIONS INC,MICHIGAN,INDIA,Master's,28-08-2012,30-06-2013,Software Developer,771
26-09-2012,Denied,F-1,INDIA,14-10-2014,EDISON,UNITED STATES OF AMERICA,"RAMPS INTERNATIONAL, INC",NEW JERSEY,INDIA,Master's,16-04-2012,15-07-2012,"COMPUTER SOFTWARE ENGINEERS, APPLICATIONS",748
09-05-2013,Certified-Expired,H-1B,INDIA,11-12-2014,NEW YORK,UNITED STATES OF AMERICA,"VERIZON COMMUNICATIONS INC., & ALL ITS SUBSIDIARIES & AFFILIATES",NEW YORK,INDIA,Master's,15-11-2012,30-06-2013,Computer and Information Systems Managers,581
23-04-2013,Certified-Expired,H-1B,INDIA,29-10-2014,NEW YORK,UNITED STATES OF AMERICA,"VERIZON COMMUNICATIONS INC., & ALL ITS SUBSIDIARIES & AFFILIATES",NEW YORK,INDIA,Bachelor's,20-12-2012,30-06-2013,"Software Developers, Applications",554
07-09-2012,Denied,H-1B,INDIA,26-01-2015,FRANKLIN,UNITED STATES OF AMERICA,"MARS PETCARE US, INC.",TENNESSEE,INDIA,Master's,06-08-2012,30-06-2013,Food Scientists and Technologists,871
17-10-2012,Denied,H-1B,INDIA,29-01-2015,PISCATAWAY,UNITED STATES OF AMERICA,"MARLABS, INC",NEW JERSEY,UNITED ARAB EMIRATES,Bachelor's,13-07-2012,30-06-2013,"Software Developers, Applications",834
11-06-2013,Certified-Expired,H-1B,INDIA,15-01-2015,ATLANTA,UNITED STATES OF AMERICA,"MANHATTAN ASSOCIATES, INC.",GEORGIA,INDIA,Bachelor's,23-05-2013,21-08-2013,Computer Systems Analysts,583
17-05-2013,Denied,H-1B,INDIA,26-11-2014,DALLAS,UNITED STATES OF AMERICA,HITACHI CONSULTING CORPORATION,TEXAS,INDIA,Master's,11-10-2012,30-06-2013,"Software Developers, Systems Software",558
05-09-2012,Withdrawn,H-1B,INDIA,09-03-2015,SPRINGFIELD,UNITED STATES OF AMERICA,LEAD IT CORPORATION,ILLINOIS,INDIA,Master's,21-08-2012,30-06-2013,"Software Developers, Applications",915
27-09-2012,Denied,H-1B,INDIA,15-10-2014,IRVING,UNITED STATES OF AMERICA,FLOWSERVE U.S. INC.,TEXAS,INDIA,Master's,17-11-2011,30-06-2012,"Electronics Engineers, Except Computer",748
21-06-2012,Denied,H-1B,MEXICO,20-05-2015,DALLAS,UNITED STATES OF AMERICA,DALLAS INDEPENDENT SCHOOL DISTRICT,TEXAS,MEXICO,Bachelor's,08-03-2012,30-06-2012,ELEMENTARY BILINGUAL TEACHER,1063
21-06-2012,Denied,H-1B,BELIZE,28-10-2014,DALLAS,UNITED STATES OF AMERICA,DALLAS INDEPENDENT SCHOOL DISTRICT,TEXAS,BELIZE,Bachelor's,08-03-2012,30-06-2012,ELEMENTARY BILINGUAL TEACHER,859
08-06-2012,Certified-Expired,H-1B,INDIA,06-04-2015,NEW YORK,UNITED STATES OF AMERICA,"GOLDMAN, SACHS & CO.",NEW YORK,INDIA,Master's,29-03-2012,30-06-2012,FINANCIAL ANALYSTS,1032
21-06-2012,Denied,L-1,INDIA,14-10-2014,FREMONT,UNITED STATES OF AMERICA,92 TECHNOLOGIES,CALIFORNIA,UNITED ARAB EMIRATES,Bachelor's,09-02-2012,30-06-2012,Computer Systems Analysts,845
29-06-2012,Denied,H-1B,PERU,20-05-2015,DALLAS,UNITED STATES OF AMERICA,DALLAS INDEPENDENT SCHOOL DISTRICT,TEXAS,PERU,Bachelor's,08-03-2012,30-06-2012,ELEMENTARY BILINGUAL TEACHER,1055
20-06-2012,Denied,H-1B,MEXICO,20-05-2015,DALLAS,UNITED STATES OF AMERICA,DALLAS INDEPENDENT SCHOOL DISTRICT,TEXAS,MEXICO,Bachelor's,08-03-2012,30-06-2012,ELEMENTARY BILINGUAL TEACHER,1064
21-06-2012,Denied,H-1B,MEXICO,21-10-2014,DALLAS,UNITED STATES OF AMERICA,DALLAS INDEPENDENT SCHOOL DISTRICT,TEXAS,MEXICO,Bachelor's,08-03-2012,30-06-2012,ELEMENTARY BILINGUAL TEACHER,852
21-06-2012,Denied,H-1B,MEXICO,18-11-2014,DALLAS,UNITED STATES OF AMERICA,DALLAS INDEPENDENT SCHOOL DISTRICT,TEXAS,MEXICO,Bachelor's,08-03-2012,30-06-2012,ELEMENTARY BILINGUAL TEACHER,880
04-06-2012,Denied,H-1B,COLOMBIA,20-10-2014,GARLAND,UNITED STATES OF AMERICA,GARLAND INDEPENDENT SCHOOL DISTRICT,TEXAS,COLOMBIA,Bachelor's,02-02-2012,30-06-2012,SECONDARY TEACHER,868
14-06-2012,Denied,H-1B,INDIA,31-07-2015,COLLEGE STATION,UNITED STATES OF AMERICA,COGNIZANT TECHNOLOGY SOLUTIONS US CORPORATION,TEXAS,INDIA,Bachelor's,09-01-2012,30-06-2012,"Software Developers, Applications",1142
21-06-2012,Denied,H-1B,MEXICO,14-11-2014,DALLAS,UNITED STATES OF AMERICA,DALLAS INDEPENDENT SCHOOL DISTRICT,TEXAS,MEXICO,Bachelor's,08-03-2012,30-06-2012,ELEMENTARY BILINGUAL TEACHER,876
25-06-2012,Denied,H-1B,INDIA,14-10-2014,CATONSVILLE,UNITED STATES OF AMERICA,UNIFY SOLUTIONS INC,MARYLAND,INDIA,Master's,05-01-2012,30-06-2012,"Software Developers, Applications",841
08-06-2012,Certified-Expired,H-1B,SOUTH KOREA,07-04-2015,NEW YORK,UNITED STATES OF AMERICA,"GOLDMAN, SACHS & CO.",NEW YORK,SOUTH KOREA,Doctorate,09-02-2012,30-06-2012,FINANCIAL ANALYSTS,1033
31-08-2012,Denied,H-1B,INDIA,22-01-2015,WOBURN,UNITED STATES OF AMERICA,"RANDSTAD TECHNOLOGIES, LP",MASSACHUSETTS,INDIA,Master's,05-06-2012,03-09-2012,"Software Developers, Applications",874
11-09-2012,Denied,H-1B,INDIA,17-09-2015,SANTA CLARA,UNITED STATES OF AMERICA,INTEL CORPORATION,CALIFORNIA,INDIA,Master's,17-01-2012,30-06-2012,Computer Hardware Engineers,1101
08-11-2012,Withdrawn,H-1B,INDIA,15-04-2015,SAN JOSE,UNITED STATES OF AMERICA,CAVIUM INC,CALIFORNIA,INDIA,Master's,29-05-2012,27-08-2012,"Electronics Engineers, Except Computer",888
22-07-2012,Denied,H-1B,PHILIPPINES,20-05-2015,DALLAS,UNITED STATES OF AMERICA,DALLAS INDEPENDENT SCHOOL DISTRICT,TEXAS,PHILIPPINES,Bachelor's,23-04-2012,22-07-2012,Middle School Science Teacher,1032
01-10-2012,Denied,H-1B,PHILIPPINES,21-10-2014,ORLANDO,UNITED STATES OF AMERICA,ADVENTIST HEALTH SYSTEM/SUNBELT INC D/B/A FLORIDA,FLORIDA,PHILIPPINES,Bachelor's,27-01-2012,30-06-2012,Medical and Clinical Laboratory Technologists,750
18-09-2012,Denied,H-1B,INDIA,23-10-2014,SOUTH BURLINGTON,UNITED STATES OF AMERICA,ITECH US INC.,VERMONT,INDIA,Master's,26-06-2012,24-09-2012,"Software Developers, Applications",765
11-10-2012,Denied,H-1B,UNITED STATES OF AMERICA,14-10-2014,SOUTH BURLINGTON,UNITED STATES OF AMERICA,ITECH US INC.,VERMONT,INDIA,Bachelor's,05-07-2012,30-06-2013,"Software Developers, Applications",733
20-06-2012,Denied,H-1B,MEXICO,28-10-2014,DALLAS,UNITED STATES OF AMERICA,DALLAS INDEPENDENT SCHOOL DISTRICT,TEXAS,MEXICO,Bachelor's,08-03-2012,30-06-2012,ELEMENTARY BILINGUAL TEACHER,860
18-06-2012,Denied,H-1B,INDIA,31-07-2015,COLLEGE STATION,UNITED STATES OF AMERICA,COGNIZANT TECHNOLOGY SOLUTIONS US CORPORATION,TEXAS,INDIA,Bachelor's,09-01-2012,30-06-2012,"Software Developers, Applications",1138
07-09-2012,Denied,H-1B,INDIA,23-10-2014,SOUTH BURLINGTON,UNITED STATES OF AMERICA,ITECH US INC.,VERMONT,INDIA,Bachelor's,11-06-2012,09-09-2012,"Software Developers, Applications",776
03-06-2012,Denied,H-1B,PERU,17-12-2014,GARLAND,UNITED STATES OF AMERICA,GARLAND INDEPENDENT SCHOOL DISTRICT,TEXAS,PERU,Bachelor's,01-02-2012,30-06-2012,"Elementary School Teachers, Except Special Education",927
04-06-2012,Denied,H-1B,MEXICO,20-10-2014,GARLAND,UNITED STATES OF AMERICA,GARLAND INDEPENDENT SCHOOL DISTRICT,TEXAS,MEXICO,Bachelor's,01-02-2012,30-06-2012,ELEMENTARY TEACHER,868
02-06-2012,Denied,H-1B,MEXICO,19-12-2014,GARLAND,UNITED STATES OF AMERICA,GARLAND INDEPENDENT SCHOOL DISTRICT,TEXAS,MEXICO,Bachelor's,01-02-2012,30-06-2012,"Elementary School Teachers, Except Special Education",930
03-06-2012,Denied,H-1B,MEXICO,20-10-2014,GARLAND,UNITED STATES OF AMERICA,GARLAND INDEPENDENT SCHOOL DISTRICT,TEXAS,MEXICO,Bachelor's,01-02-2012,30-06-2012,"Elementary School Teachers, Except Special Education",869
06-06-2012,Denied,H-1B,COLOMBIA,20-10-2014,GARLAND,UNITED STATES OF AMERICA,GARLAND INDEPENDENT SCHOOL DISTRICT,TEXAS,COLOMBIA,Bachelor's,01-02-2012,30-06-2012,ELEMENTARY BILINGUAL TEACHER,866
23-08-2012,Denied,H-1B,INDIA,26-02-2015,FARMINGTON HILLS,UNITED STATES OF AMERICA,HCL GLOBAL SYSTEMS INC,MICHIGAN,INDIA,Master's,16-04-2012,15-07-2012,"Software Developers, Applications",917
04-06-2012,Denied,H-1B,VENEZUELA,19-12-2014,GARLAND,UNITED STATES OF AMERICA,GARLAND INDEPENDENT SCHOOL DISTRICT,TEXAS,VENEZUELA,Bachelor's,02-02-2012,30-06-2012,Secondary Teacher,928
26-06-2012,Certified,H-1B,INDIA,19-08-2015,COLLEGE STATION,UNITED STATES OF AMERICA,COGNIZANT TECHNOLOGY SOLUTIONS US CORPORATION,TEXAS,INDIA,Master's,09-01-2012,30-06-2012,"Software Developers, Applications",1149
06-06-2012,Denied,H-1B,VENEZUELA,20-10-2014,GARLAND,UNITED STATES OF AMERICA,GARLAND INDEPENDENT SCHOOL DISTRICT,TEXAS,VENEZUELA,Bachelor's,01-02-2012,30-06-2012,ELEMENTARY BILINGUAL TEACHER,866
21-06-2012,Denied,H-1B,VENEZUELA,20-05-2015,DALLAS,UNITED STATES OF AMERICA,DALLAS INDEPENDENT SCHOOL DISTRICT,TEXAS,VENEZUELA,Bachelor's,08-03-2012,30-06-2012,ELEMENTARY BILINGUAL TEACHER,1063
01-07-2013,Certified-Expired,H-1B,INDIA,20-02-2015,SUNNYVALE,UNITED STATES OF AMERICA,JUNIPER NETWORKS,CALIFORNIA,INDIA,Master's,30-08-2012,30-06-2013,"Software Developers, Systems Software",599
19-10-2012,Denied,H-1B,INDIA,21-10-2014,GOLETA,UNITED STATES OF AMERICA,CITRIX ONLINE LLC,CALIFORNIA,INDIA,Master's,12-07-2012,30-06-2013,"Software Developers, Systems Software",732
15-08-2012,Denied,H-1B,INDIA,14-07-2015,WESTBOROUGH,UNITED STATES OF AMERICA,VIRTUSA CORPORATION,MASSACHUSETTS,INDIA,Bachelor's,26-04-2012,25-07-2012,"Software Developers, Applications",1063
30-06-2012,Denied,H-1B,INDIA,31-07-2015,COLLEGE STATION,UNITED STATES OF AMERICA,COGNIZANT TECHNOLOGY SOLUTIONS US CORPORATION,TEXAS,INDIA,Bachelor's,09-01-2012,30-06-2012,"Software Developers, Applications",1126
29-06-2012,Denied,H-1B,PHILIPPINES,04-08-2015,GARLAND,UNITED STATES OF AMERICA,GARLAND INDEPENDENT SCHOOL DISTRICT,TEXAS,PHILIPPINES,Bachelor's,20-03-2012,30-06-2012,"SecondarySchool  Teachers, Except Special Education",1131
16-08-2012,Denied,H-1B,INDIA,15-10-2014,BELLEVUE,UNITED STATES OF AMERICA,PEOPLE TECH GROUP INC,WASHINGTON,INDIA,Bachelor's,04-06-2012,02-09-2012,"software developers, applicatons",790
06-09-2012,Denied,H-1B,NEPAL,15-10-2014,NEW YORK,UNITED STATES OF AMERICA,D-BUG INC.,NEW YORK,NEPAL,Master's,20-08-2012,30-06-2013,Computer Systems Analysts,769
16-08-2012,Denied,H-1B,INDIA,21-10-2014,NEWARK,UNITED STATES OF AMERICA,TEK TREE LLC,DELAWARE,INDIA,Master's,18-04-2012,17-07-2012,Software Engineer,796
29-10-2012,Certified,Not in USA,PAKISTAN,22-04-2015,MADISON,UNITED STATES OF AMERICA,"BIT360, INC.",WISCONSIN,PAKISTAN,Bachelor's,20-10-2011,30-06-2012,Senior Systems Analyst,905
04-09-2012,Denied,H-1B1,INDIA,06-11-2014,HAZLET,UNITED STATES OF AMERICA,"BEAVER CONCRETE CONSTRUCTION CO., INC.",NEW JERSEY,INDIA,Bachelor's,31-07-2012,30-06-2013,CIVIL ENGINEER,793
11-09-2012,Denied,H-1B,INDIA,09-01-2015,MT. PLEASANT,UNITED STATES OF AMERICA,"R S INFOCON, INC.",WISCONSIN,INDIA,Associate's,15-06-2012,13-09-2012,"Software Developers, Applications",850
29-08-2012,Denied,H-1B,INDIA,16-10-2014,JERSEY CITY,UNITED STATES OF AMERICA,U.S. TECH SOLUTIONS INC,NEW JERSEY,INDIA,Master's,08-06-2012,06-09-2012,"Software Developers, Applications",778
26-04-2013,Denied,H-1B,INDIA,15-05-2015,DALLAS,UNITED STATES OF AMERICA,"AT&T, INC., AND ALL OF ITS SUBSIDIARIES AND AFFILIATES",TEXAS,INDIA,Bachelor's,15-08-2012,30-06-2013,"Information Security Analysts, Web Developers, and Computer Network Architects",749
21-08-2012,Denied,H-1B,INDIA,17-09-2015,PLANO,UNITED STATES OF AMERICA,"NTT DATA, INC",TEXAS,INDIA,Bachelor's,01-04-2012,09-07-2012,"Software Developers, Applications",1122
29-08-2012,Denied,H-1B,INDIA,03-09-2015,RTP,UNITED STATES OF AMERICA,IBM CORPORATION,NORTH CAROLINA,INDIA,Master's,07-05-2012,05-08-2012,Computer Systems Analysts,1100
12-04-2013,Certified-Expired,H-1B,CHINA,22-10-2014,KINGSPORT,UNITED STATES OF AMERICA,EASTMAN CHEMICAL COMPANY,TENNESSEE,CHINA,Master's,20-09-2012,30-06-2013,Operations Research Analysts,558
12-09-2012,Denied,H-1B,CHINA,03-10-2014,NEW YORK,UNITED STATES OF AMERICA,BLOOMBERG L.P.,NEW YORK,CHINA,Master's,20-01-2012,30-06-2012,"Software Developers, Applications",751
04-01-2013,Certified-Expired,H-1B,PHILIPPINES,12-12-2014,HANOVER,UNITED STATES OF AMERICA,DARTMOUTH COLLEGE,NEW HAMPSHIRE,PHILIPPINES,Master's,10-10-2012,30-06-2013,Compliance Officers,707
22-10-2012,Denied,H-1B,UNITED KINGDOM,16-10-2014,MOUNTAIN VIEW,UNITED STATES OF AMERICA,GOOGLE INC.,CALIFORNIA,UNITED KINGDOM,Master's,11-06-2012,09-09-2012,"Software Developers, Applications",724
29-08-2012,Denied,H-1B,SOUTH KOREA,20-08-2015,ENGLEWOOD CLIFFS,UNITED STATES OF AMERICA,"KOREAN BERGEN NEWS, INC.",NEW JERSEY,SOUTH KOREA,Associate's,02-05-2012,31-07-2012,Graphic Designers,1086
24-06-2013,Certified-Expired,H-1B,INDIA,02-02-2015,NEW YORK,UNITED STATES OF AMERICA,"VERIZON COMMUNICATIONS INC., & ALL ITS SUBSIDIARIES & AFFILIATES",NEW YORK,INDIA,Master's,11-10-2012,30-06-2013,"Software Developers, Applications",588
18-09-2012,Denied,H-1B,PHILIPPINES,31-10-2014,TOLEDO,UNITED STATES OF AMERICA,"HEARTLAND EMPLOYMENT SERVICES, LLC",OHIO,PHILIPPINES,Bachelor's,30-01-2012,30-06-2012,OCCUPATIONAL THERAPIST,773
28-08-2012,Denied,H-1B,CHINA,14-10-2014,ELMHURST,UNITED STATES OF AMERICA,"STERLING STAFFING, INC",ILLINOIS,CHINA,Master's,17-04-2012,16-07-2012,Statistician,777
11-07-2012,Denied,H-1B,INDIA,27-08-2015,ANN ARBOR,UNITED STATES OF AMERICA,"INTEGRATED MANAGEMENT SYSTEMS, INC",MICHIGAN,INDIA,Master's,28-06-2012,26-09-2012,Computer Systems Analyst,1142
16-04-2013,Certified-Expired,Parolee,INDIA,14-11-2014,DALLAS,UNITED STATES OF AMERICA,"AT&T, INC., AND ALL OF ITS SUBSIDIARIES AND AFFILIATES",TEXAS,INDIA,Master's,30-11-2012,30-06-2013,"Electronics Engineers, Except Computer",577
30-06-2012,Denied,Parolee,INDIA,15-05-2015,COLLEGE STATION,UNITED STATES OF AMERICA,COGNIZANT TECHNOLOGY SOLUTIONS US CORPORATION,TEXAS,INDIA,Bachelor's,09-01-2012,30-06-2012,"Software Developers, Applications",1049
30-06-2012,Certified,L-1,INDIA,19-08-2015,COLLEGE STATION,UNITED STATES OF AMERICA,COGNIZANT TECHNOLOGY SOLUTIONS US CORPORATION,TEXAS,INDIA,Master's,09-01-2012,30-06-2012,"Software Developers, Applications",1145
27-06-2012,Denied,H-1B,PHILIPPINES,17-10-2014,GARLAND,UNITED STATES OF AMERICA,GARLAND INDEPENDENT SCHOOL DISTRICT,TEXAS,PHILIPPINES,Bachelor's,20-03-2012,30-06-2012,"SecondarySchool  Teachers, Except Special Education",842
11-07-2012,Denied,H-1B,INDIA,16-10-2014,HILLIARD,UNITED STATES OF AMERICA,"YASHCO SYSTEMS, INC.",OHIO,INDIA,Master's,22-02-2012,30-06-2012,Database Administrator (SQL),827
11-07-2012,Denied,H-1B,INDIA,16-10-2014,MARIETTA,UNITED STATES OF AMERICA,M3 CONSULTING INC,GEORGIA,INDIA,Bachelor's,23-01-2012,30-06-2012,Senior Software Engineer (Mainframe),827
29-06-2012,Denied,H-1B,INDIA,31-07-2015,COLLEGE STATION,UNITED STATES OF AMERICA,COGNIZANT TECHNOLOGY SOLUTIONS US CORPORATION,TEXAS,INDIA,Bachelor's,09-01-2012,30-06-2012,"Software Developers, Applications",1127
